task_id,machine_id,operator_id,site_id,task_type,task_status,scheduled_start,scheduled_end,target_quantity,quantity_unit,estimated_duration_min,actual_duration_min,task_efficiency
T00001,M0030,OP0018,ST009,Trenching,DELAYED,2025-06-13 11:39:00,2025-06-13 15:01:24,361.7,m,202.4,338.9,
T00002,M0035,OP0003,ST013,Soil Compaction,COMPLETED,2025-03-25 13:58:00,2025-03-25 19:07:06,4822.1,m2,309.1,485.3,0.637
T00003,M0001,OP0026,ST007,Material Loading,COMPLETED,2025-02-20 12:24:00,2025-02-20 20:07:06,1942.7,tons,463.1,519.1,0.892
T00004,M0032,OP0041,ST008,Material Stockpiling,COMPLETED,2025-08-11 08:54:00,2025-08-11 13:48:24,1047.0,tons,294.4,439.1,0.67
T00005,M0003,OP0032,ST013,Demolition,SCHEDULED,2025-05-26 07:42:00,2025-05-26 13:04:12,912.6,m3,322.2,,
T00006,M0040,OP0031,ST002,Material Loading,SCHEDULED,2025-06-27 12:12:00,2025-06-27 17:22:36,1332.3,tons,310.6,,
T00007,M0004,OP0028,ST007,Grading,COMPLETED,2025-04-05 14:27:00,2025-04-05 15:41:24,1543.7,m2,74.4,72.9,1.021
T00008,M0003,OP0041,ST013,Material Stockpiling,COMPLETED,2025-05-01 12:14:00,2025-05-01 16:58:54,1045.9,tons,284.9,467.4,0.61
T00009,M0034,OP0038,ST014,Material Loading,CANCELLED,2025-08-30 13:01:00,2025-08-30 20:47:00,1996.7,tons,466.0,,
T00010,M0036,OP0053,ST006,Material Stockpiling,COMPLETED,2025-05-21 07:40:00,2025-05-21 14:27:54,1874.9,tons,407.9,807.5,0.505
T00011,M0014,OP0017,ST013,Hauling,SCHEDULED,2025-08-22 11:44:00,2025-08-22 19:45:54,1354.0,tons,481.9,,
T00012,M0041,OP0032,ST008,Trenching,CANCELLED,2025-09-23 08:51:00,2025-09-23 13:24:54,559.8,m,273.9,,
T00013,M0029,OP0012,ST010,Material Stockpiling,COMPLETED,2025-03-01 14:31:00,2025-03-01 14:53:00,103.5,tons,22.0,43.2,0.509
T00014,M0008,OP0016,ST008,Trenching,IN_PROGRESS,2025-01-30 15:11:00,2025-01-30 16:33:06,108.6,m,82.1,76.2,
T00015,M0019,OP0053,ST002,Grading,CANCELLED,2025-03-27 12:04:00,2025-03-27 14:46:36,2024.8,m2,162.6,,
T00016,M0011,OP0052,ST003,Material Loading,CANCELLED,2025-03-14 14:28:00,2025-03-15 09:42:54,1744.9,tons,1154.9,,
T00017,M0023,OP0010,ST009,Material Stockpiling,COMPLETED,2025-01-02 13:38:00,2025-01-02 14:59:18,401.0,tons,81.3,149.7,0.543
T00018,M0006,OP0004,ST010,Grading,CANCELLED,2025-02-16 11:44:00,2025-02-16 15:23:42,2934.6,m2,219.7,,
T00019,M0038,OP0049,ST004,Material Stockpiling,DELAYED,2025-08-19 14:48:00,2025-08-19 15:17:18,132.1,tons,29.3,51.5,
T00020,M0008,OP0027,ST008,Earth Excavation,COMPLETED,2025-05-20 13:57:00,2025-05-20 17:45:42,621.0,m3,228.7,290.8,0.786
T00021,M0035,OP0038,ST013,Grading,COMPLETED,2025-04-24 09:48:00,2025-04-24 11:37:00,2250.3,m2,109.0,104.3,1.045
T00022,M0026,OP0039,ST015,Earth Excavation,CANCELLED,2025-02-09 07:04:00,2025-02-09 08:29:42,134.6,m3,85.7,,
T00023,M0038,OP0022,ST004,Demolition,IN_PROGRESS,2025-01-30 15:47:00,2025-01-30 22:38:30,1057.5,m3,411.5,225.1,
T00024,M0021,OP0048,ST014,Soil Compaction,COMPLETED,2025-06-25 13:56:00,2025-06-25 18:50:06,3621.7,m2,294.1,485.3,0.606
T00025,M0023,OP0030,ST009,Material Stockpiling,COMPLETED,2025-04-08 13:35:00,2025-04-08 21:13:54,2167.9,tons,458.9,602.5,0.762
T00026,M0001,OP0018,ST007,Hauling,DELAYED,2025-07-23 14:57:00,2025-07-23 22:35:48,685.2,tons,458.8,600.7,
T00027,M0035,OP0043,ST013,Road Preparation,IN_PROGRESS,2025-06-17 10:08:00,2025-06-17 14:22:24,4024.7,m2,254.4,99.2,
T00028,M0041,OP0055,ST008,Trenching,COMPLETED,2025-09-09 15:33:00,2025-09-09 20:14:42,478.7,m,281.7,813.5,0.346
T00029,M0042,OP0014,ST011,Material Stockpiling,DELAYED,2025-04-14 11:17:00,2025-04-14 16:28:54,1678.0,tons,311.9,372.5,
T00030,M0014,OP0045,ST013,Hauling,DELAYED,2025-09-09 09:28:00,2025-09-09 23:18:42,1899.0,tons,830.7,1178.9,
T00031,M0022,OP0046,ST002,Material Stockpiling,CANCELLED,2025-07-22 09:54:00,2025-07-23 05:41:18,2014.0,tons,1187.3,,
T00032,M0028,OP0010,ST012,Trenching,COMPLETED,2025-06-15 07:19:00,2025-06-15 12:27:30,528.1,m,308.5,330.9,0.932
T00033,M0023,OP0039,ST009,Material Loading,COMPLETED,2025-05-10 10:33:00,2025-05-10 15:30:42,1301.5,tons,297.7,323.9,0.919
T00034,M0028,OP0018,ST012,Trenching,COMPLETED,2025-06-11 12:46:00,2025-06-11 13:56:00,118.1,m,70.0,73.4,0.954
T00035,M0015,OP0041,ST001,Demolition,CANCELLED,2025-02-19 14:52:00,2025-02-20 00:32:06,1098.7,m3,580.1,,
T00036,M0015,OP0003,ST001,Trenching,COMPLETED,2025-04-28 14:31:00,2025-04-28 15:29:18,99.8,m,58.3,73.3,0.795
T00037,M0006,OP0027,ST010,Demolition,IN_PROGRESS,2025-04-02 09:19:00,2025-04-02 11:21:18,133.0,m3,122.3,35.4,
T00038,M0030,OP0007,ST009,Material Loading,DELAYED,2025-02-14 13:49:00,2025-02-15 00:55:30,2122.3,tons,666.5,656.3,
T00039,M0001,OP0033,ST007,Trenching,IN_PROGRESS,2025-03-31 10:50:00,2025-03-31 15:31:18,549.8,m,281.3,130.4,
T00040,M0039,OP0042,ST003,Material Loading,CANCELLED,2025-01-29 12:11:00,2025-01-29 20:26:00,2039.6,tons,495.0,,
T00041,M0035,OP0035,ST013,Grading,COMPLETED,2025-06-10 14:53:00,2025-06-10 17:53:12,4290.7,m2,180.2,221.2,0.815
T00042,M0029,OP0052,ST010,Road Preparation,COMPLETED,2025-09-14 11:58:00,2025-09-14 20:53:30,5775.9,m2,535.5,644.7,0.831
T00043,M0021,OP0007,ST014,Road Preparation,COMPLETED,2025-02-19 07:43:00,2025-02-19 14:04:00,3858.5,m2,381.0,419.2,0.909
T00044,M0008,OP0011,ST008,Grading,COMPLETED,2025-04-27 12:42:00,2025-04-27 14:47:00,1258.2,m2,125.0,140.7,0.888
T00045,M0016,OP0006,ST006,Road Preparation,IN_PROGRESS,2025-05-12 08:15:00,2025-05-12 12:09:42,3674.3,m2,234.7,116.8,
T00046,M0037,OP0021,ST005,Grading,COMPLETED,2025-09-28 07:02:00,2025-09-28 14:04:42,3969.8,m2,422.7,724.8,0.583
T00047,M0035,OP0037,ST013,Road Preparation,COMPLETED,2025-01-08 13:12:00,2025-01-08 13:36:12,343.1,m2,24.2,27.0,0.896
T00048,M0023,OP0012,ST009,Material Loading,COMPLETED,2025-05-28 14:42:00,2025-05-28 16:58:54,582.9,tons,136.9,403.7,0.339
T00049,M0025,OP0029,ST011,Hauling,CANCELLED,2025-08-25 12:35:00,2025-08-25 22:35:00,765.7,tons,600.0,,
T00050,M0032,OP0037,ST008,Demolition,DELAYED,2025-08-22 08:14:00,2025-08-22 16:51:06,1352.4,m3,517.1,655.1,
T00051,M0014,OP0041,ST013,Grading,COMPLETED,2025-08-09 15:47:00,2025-08-09 18:41:00,1235.2,m2,174.0,198.5,0.877
T00052,M0028,OP0010,ST012,Trenching,COMPLETED,2025-01-04 10:42:00,2025-01-04 11:31:06,87.4,m,49.1,51.0,0.963
T00053,M0032,OP0041,ST008,Grading,COMPLETED,2025-04-11 09:43:00,2025-04-11 15:30:36,2421.5,m2,347.6,496.0,0.701
T00054,M0006,OP0035,ST010,Trenching,COMPLETED,2025-08-11 15:35:00,2025-08-11 17:11:54,191.6,m,96.9,107.0,0.906
T00055,M0019,OP0045,ST002,Trenching,COMPLETED,2025-03-29 09:44:00,2025-03-29 14:04:18,347.1,m,260.3,359.5,0.724
T00056,M0006,OP0029,ST010,Trenching,COMPLETED,2025-01-14 08:12:00,2025-01-14 13:51:48,436.2,m,339.8,571.9,0.594
T00057,M0008,OP0038,ST008,Demolition,COMPLETED,2025-09-05 10:48:00,2025-09-05 12:23:42,243.1,m3,95.7,122.3,0.783
T00058,M0024,OP0030,ST004,Material Stockpiling,DELAYED,2025-01-11 10:53:00,2025-01-11 12:00:54,327.5,tons,67.9,111.1,
T00059,M0016,OP0052,ST006,Road Preparation,COMPLETED,2025-06-11 14:27:00,2025-06-11 18:28:48,2657.0,m2,241.8,271.6,0.89
T00060,M0022,OP0042,ST002,Hauling,COMPLETED,2025-03-10 06:12:00,2025-03-10 18:40:36,2039.7,tons,748.6,1194.4,0.627
T00061,M0013,OP0017,ST007,Trenching,CANCELLED,2025-07-08 09:13:00,2025-07-08 13:25:48,444.1,m,252.8,,
T00062,M0030,OP0030,ST009,Earth Excavation,DELAYED,2025-02-12 08:27:00,2025-02-12 12:28:54,855.3,m3,241.9,269.8,
T00063,M0023,OP0007,ST009,Material Stockpiling,COMPLETED,2025-08-30 12:25:00,2025-08-30 16:01:42,738.5,tons,216.7,260.3,0.833
T00064,M0036,OP0042,ST006,Material Stockpiling,DELAYED,2025-02-03 13:27:00,2025-02-03 20:38:54,1897.6,tons,431.9,575.9,
T00065,M0017,OP0010,ST015,Grading,COMPLETED,2025-06-07 10:15:00,2025-06-07 11:10:12,1207.3,m2,55.2,65.1,0.848
T00066,M0030,OP0007,ST009,Material Loading,COMPLETED,2025-08-22 06:47:00,2025-08-22 17:29:18,2007.2,tons,642.3,733.5,0.876
T00067,M0015,OP0036,ST001,Trenching,SCHEDULED,2025-02-17 13:58:00,2025-02-17 17:57:42,415.7,m,239.7,,
T00068,M0014,OP0016,ST013,Hauling,SCHEDULED,2025-05-01 15:07:00,2025-05-02 00:24:06,1230.8,tons,557.1,,
T00069,M0025,OP0012,ST011,Earth Excavation,CANCELLED,2025-04-08 08:26:00,2025-04-08 22:31:18,1385.4,m3,845.3,,
T00070,M0030,OP0043,ST009,Earth Excavation,CANCELLED,2025-06-22 07:36:00,2025-06-22 12:11:30,1082.5,m3,275.5,,
T00071,M0018,OP0008,ST014,Trenching,COMPLETED,2025-02-10 14:17:00,2025-02-10 20:00:00,450.4,m,343.0,416.7,0.823
T00072,M0027,OP0032,ST015,Demolition,IN_PROGRESS,2025-08-04 11:24:00,2025-08-04 18:47:54,1283.5,m3,443.9,116.8,
T00073,M0001,OP0039,ST007,Demolition,CANCELLED,2025-03-22 11:49:00,2025-03-22 17:46:36,936.2,m3,357.6,,
T00074,M0017,OP0038,ST015,Road Preparation,COMPLETED,2025-01-20 11:01:00,2025-01-20 16:44:36,4709.0,m2,343.6,389.2,0.883
T00075,M0029,OP0026,ST010,Road Preparation,COMPLETED,2025-03-15 12:57:00,2025-03-15 13:36:24,506.7,m2,39.4,42.4,0.929
T00076,M0008,OP0014,ST008,Material Loading,IN_PROGRESS,2025-05-01 12:00:00,2025-05-01 17:06:12,1463.2,tons,306.2,90.8,
T00077,M0019,OP0024,ST002,Earth Excavation,SCHEDULED,2025-07-07 10:33:00,2025-07-07 21:05:06,1281.1,m3,632.1,,
T00078,M0005,OP0001,ST003,Hauling,COMPLETED,2025-04-09 12:37:00,2025-04-09 16:05:12,699.2,tons,208.2,209.4,0.994
T00079,M0034,OP0033,ST014,Earth Excavation,DELAYED,2025-05-09 11:19:00,2025-05-09 14:06:48,694.7,m3,167.8,178.9,
T00080,M0003,OP0053,ST013,Material Stockpiling,COMPLETED,2025-07-14 10:15:00,2025-07-14 12:22:36,613.9,tons,127.6,498.7,0.256
T00081,M0033,OP0025,ST001,Demolition,COMPLETED,2025-04-01 14:16:00,2025-04-02 03:19:30,1237.9,m3,783.5,1180.2,0.664
T00082,M0007,OP0019,ST012,Road Preparation,SCHEDULED,2025-09-21 07:31:00,2025-09-21 13:23:36,3588.2,m2,352.6,,
T00083,M0032,OP0054,ST008,Soil Compaction,DELAYED,2025-04-03 10:13:00,2025-04-03 15:01:30,3527.7,m2,288.5,300.8,
T00084,M0035,OP0031,ST013,Road Preparation,CANCELLED,2025-07-26 10:02:00,2025-07-26 16:53:12,5803.0,m2,411.2,,
T00085,M0014,OP0013,ST013,Hauling,COMPLETED,2025-01-28 13:02:00,2025-01-28 21:10:42,1429.9,tons,488.7,749.3,0.652
T00086,M0022,OP0037,ST002,Hauling,CANCELLED,2025-08-29 13:49:00,2025-08-29 21:46:30,1442.1,tons,477.5,,
T00087,M0003,OP0036,ST013,Demolition,COMPLETED,2025-03-07 09:31:00,2025-03-07 11:56:48,358.9,m3,145.8,138.7,1.051
T00088,M0031,OP0015,ST002,Earth Excavation,COMPLETED,2025-02-14 12:02:00,2025-02-14 22:00:48,962.2,m3,598.8,762.8,0.785
T00089,M0034,OP0046,ST014,Trenching,CANCELLED,2025-03-28 06:27:00,2025-03-28 13:45:06,581.9,m,438.1,,
T00090,M0004,OP0043,ST007,Road Preparation,DELAYED,2025-02-07 10:22:00,2025-02-07 15:47:24,5430.7,m2,325.4,332.4,
T00091,M0017,OP0015,ST015,Road Preparation,COMPLETED,2025-01-22 07:46:00,2025-01-22 10:24:06,1682.1,m2,158.1,209.5,0.755
T00092,M0013,OP0029,ST007,Material Loading,CANCELLED,2025-09-10 15:43:00,2025-09-11 11:21:00,1937.0,tons,1178.0,,
T00093,M0012,OP0044,ST002,Hauling,COMPLETED,2025-07-19 06:07:00,2025-07-19 06:57:42,134.9,tons,50.7,102.9,0.493
T00094,M0038,OP0007,ST004,Trenching,COMPLETED,2025-05-06 15:55:00,2025-05-07 00:14:12,398.3,m,499.2,764.3,0.653
T00095,M0029,OP0021,ST010,Material Stockpiling,COMPLETED,2025-01-21 14:04:00,2025-01-21 17:06:42,854.5,tons,182.7,245.8,0.743
T00096,M0025,OP0012,ST011,Material Stockpiling,CANCELLED,2025-08-07 07:38:00,2025-08-07 12:35:12,1384.6,tons,297.2,,
T00097,M0036,OP0010,ST006,Material Stockpiling,COMPLETED,2025-06-20 13:23:00,2025-06-20 19:17:42,1630.4,tons,354.7,404.6,0.877
T00098,M0003,OP0031,ST013,Demolition,COMPLETED,2025-06-07 07:34:00,2025-06-07 16:23:18,1375.9,m3,529.3,515.8,1.026
T00099,M0040,OP0014,ST002,Material Loading,IN_PROGRESS,2025-07-29 08:57:00,2025-07-29 12:16:00,1012.5,tons,199.0,214.9,
T00100,M0034,OP0011,ST014,Trenching,COMPLETED,2025-01-10 13:17:00,2025-01-10 19:40:12,504.2,m,383.2,568.6,0.674
T00101,M0033,OP0009,ST001,Road Preparation,COMPLETED,2025-07-06 11:36:00,2025-07-06 12:18:54,452.7,m2,42.9,67.0,0.64
T00102,M0042,OP0034,ST011,Material Stockpiling,DELAYED,2025-08-07 11:05:00,2025-08-07 16:58:54,1683.4,tons,353.9,516.8,
T00103,M0010,OP0015,ST012,Material Loading,COMPLETED,2025-05-11 09:32:00,2025-05-12 02:36:06,1887.8,tons,1024.1,1141.2,0.897
T00104,M0015,OP0005,ST001,Soil Compaction,IN_PROGRESS,2025-09-07 06:43:00,2025-09-07 07:53:12,958.9,m2,70.2,29.9,
T00105,M0034,OP0044,ST014,Material Loading,SCHEDULED,2025-09-20 08:48:00,2025-09-20 14:52:24,1411.6,tons,364.4,,
T00106,M0015,OP0045,ST001,Trenching,DELAYED,2025-02-21 07:20:00,2025-02-21 08:01:24,54.1,m,41.4,58.8,
T00107,M0031,OP0009,ST002,Material Loading,CANCELLED,2025-03-02 10:28:00,2025-03-02 11:44:30,236.9,tons,76.5,,
T00108,M0003,OP0038,ST013,Material Loading,IN_PROGRESS,2025-08-31 13:48:00,2025-08-31 20:19:48,781.0,tons,391.8,206.1,
T00109,M0032,OP0032,ST008,Demolition,CANCELLED,2025-02-24 09:33:00,2025-02-24 10:38:48,186.6,m3,65.8,,
T00110,M0023,OP0022,ST009,Material Loading,CANCELLED,2025-01-26 12:31:00,2025-01-26 17:55:24,1366.9,tons,324.4,,
T00111,M0011,OP0034,ST003,Trenching,COMPLETED,2025-04-13 13:52:00,2025-04-13 19:15:18,546.7,m,323.3,354.1,0.913
T00112,M0038,OP0007,ST004,Soil Compaction,COMPLETED,2025-02-28 12:55:00,2025-02-28 17:05:42,2521.9,m2,250.7,331.0,0.757
T00113,M0038,OP0027,ST004,Material Stockpiling,SCHEDULED,2025-05-25 07:00:00,2025-05-25 16:51:36,2139.5,tons,591.6,,
T00114,M0009,OP0033,ST004,Material Loading,COMPLETED,2025-07-06 12:40:00,2025-07-06 20:19:36,2266.0,tons,459.6,525.7,0.874
T00115,M0018,OP0013,ST014,Earth Excavation,COMPLETED,2025-02-10 07:33:00,2025-02-10 10:30:24,609.2,m3,177.4,180.8,0.981
T00116,M0025,OP0015,ST011,Material Stockpiling,CANCELLED,2025-04-07 10:20:00,2025-04-07 20:40:12,2221.3,tons,620.2,,
T00117,M0011,OP0010,ST003,Material Loading,COMPLETED,2025-07-10 09:50:00,2025-07-10 12:01:24,292.9,tons,131.4,205.2,0.64
T00118,M0012,OP0027,ST002,Soil Compaction,COMPLETED,2025-02-08 06:21:00,2025-02-08 13:14:24,5165.0,m2,413.4,548.5,0.754
T00119,M0019,OP0004,ST002,Material Loading,COMPLETED,2025-05-15 14:33:00,2025-05-16 04:35:18,2189.9,tons,842.3,1094.4,0.77
T00120,M0019,OP0033,ST002,Trenching,CANCELLED,2025-07-16 07:17:00,2025-07-16 08:48:54,187.2,m,91.9,,
T00121,M0022,OP0034,ST002,Hauling,COMPLETED,2025-03-20 07:10:00,2025-03-20 18:06:18,1947.5,tons,656.3,1171.5,0.56
T00122,M0001,OP0020,ST007,Demolition,COMPLETED,2025-05-03 07:23:00,2025-05-03 14:22:12,769.2,m3,419.2,405.9,1.033
T00123,M0019,OP0029,ST002,Trenching,COMPLETED,2025-08-29 09:26:00,2025-08-29 13:56:06,362.0,m,270.1,355.1,0.761
T00124,M0027,OP0008,ST015,Demolition,IN_PROGRESS,2025-09-29 12:24:00,2025-09-29 19:22:54,794.7,m3,418.9,332.9,
T00125,M0036,OP0017,ST006,Demolition,CANCELLED,2025-05-16 15:43:00,2025-05-17 00:48:06,1344.7,m3,545.1,,
T00126,M0016,OP0032,ST006,Soil Compaction,DELAYED,2025-02-12 11:47:00,2025-02-12 13:58:00,4119.7,m2,131.0,131.5,
T00127,M0034,OP0016,ST014,Demolition,COMPLETED,2025-05-22 13:24:00,2025-05-22 14:47:54,159.7,m3,83.9,234.8,0.357
T00128,M0025,OP0043,ST011,Road Preparation,SCHEDULED,2025-01-07 09:52:00,2025-01-07 12:02:12,1351.7,m2,130.2,,
T00129,M0009,OP0006,ST004,Trenching,CANCELLED,2025-03-21 07:18:00,2025-03-21 11:34:18,521.1,m,256.3,,
T00130,M0001,OP0009,ST007,Earth Excavation,CANCELLED,2025-07-23 12:57:00,2025-07-23 19:22:12,1002.6,m3,385.2,,
T00131,M0025,OP0024,ST011,Material Loading,COMPLETED,2025-04-09 10:04:00,2025-04-09 12:10:06,602.9,tons,126.1,140.4,0.898
T00132,M0036,OP0031,ST006,Material Stockpiling,IN_PROGRESS,2025-03-31 11:17:00,2025-03-31 19:27:36,2433.3,tons,490.6,559.6,
T00133,M0038,OP0025,ST004,Material Loading,SCHEDULED,2025-06-16 06:57:00,2025-06-16 09:33:12,324.1,tons,156.2,,
T00134,M0005,OP0037,ST003,Trenching,SCHEDULED,2025-05-18 06:59:00,2025-05-18 12:29:12,315.9,m,330.2,,
T00135,M0014,OP0032,ST013,Hauling,DELAYED,2025-03-20 11:13:00,2025-03-20 15:42:36,930.1,tons,269.6,311.8,
T00136,M0036,OP0036,ST006,Road Preparation,COMPLETED,2025-04-07 11:11:00,2025-04-07 16:39:24,4750.0,m2,328.4,521.3,0.63
T00137,M0012,OP0048,ST002,Hauling,COMPLETED,2025-02-04 14:08:00,2025-02-04 16:27:18,410.9,tons,139.3,258.4,0.539
T00138,M0014,OP0040,ST013,Road Preparation,COMPLETED,2025-05-14 06:40:00,2025-05-14 16:28:06,4136.7,m2,588.1,706.6,0.832
T00139,M0004,OP0034,ST007,Road Preparation,DELAYED,2025-01-20 14:12:00,2025-01-20 18:29:30,3612.3,m2,257.5,281.6,
T00140,M0024,OP0026,ST004,Material Loading,COMPLETED,2025-08-17 10:06:00,2025-08-17 11:56:30,448.0,tons,110.5,166.1,0.665
T00141,M0036,OP0048,ST006,Earth Excavation,IN_PROGRESS,2025-04-27 13:38:00,2025-04-27 14:44:24,143.2,m3,66.4,21.3,
T00142,M0027,OP0044,ST015,Material Stockpiling,DELAYED,2025-03-07 09:30:00,2025-03-08 03:39:12,2271.0,tons,1089.2,1221.6,
T00143,M0037,OP0006,ST005,Material Stockpiling,COMPLETED,2025-06-03 08:47:00,2025-06-03 18:51:24,2215.3,tons,604.4,834.8,0.724
T00144,M0007,OP0005,ST012,Soil Compaction,COMPLETED,2025-05-18 15:16:00,2025-05-18 18:12:18,3926.4,m2,176.3,292.0,0.604
T00145,M0026,OP0034,ST015,Grading,DELAYED,2025-02-20 08:25:00,2025-02-20 09:27:12,1352.4,m2,62.2,69.1,
T00146,M0037,OP0013,ST005,Road Preparation,DELAYED,2025-07-01 12:24:00,2025-07-01 17:33:54,4185.6,m2,309.9,373.9,
T00147,M0012,OP0032,ST002,Trenching,IN_PROGRESS,2025-09-10 08:59:00,2025-09-10 12:37:54,227.2,m,218.9,136.9,
T00148,M0013,OP0012,ST007,Trenching,DELAYED,2025-06-28 06:22:00,2025-06-28 12:14:30,572.7,m,352.5,370.1,
T00149,M0001,OP0026,ST007,Trenching,DELAYED,2025-03-17 15:43:00,2025-03-17 17:12:36,145.9,m,89.6,123.0,
T00150,M0022,OP0020,ST002,Hauling,DELAYED,2025-02-22 06:01:00,2025-02-22 13:23:30,954.7,tons,442.5,600.3,
T00151,M0013,OP0004,ST007,Trenching,COMPLETED,2025-06-08 11:45:00,2025-06-08 13:03:30,151.0,m,78.5,96.0,0.818
T00152,M0010,OP0037,ST012,Hauling,COMPLETED,2025-06-11 09:47:00,2025-06-11 11:59:18,376.8,tons,132.3,200.0,0.662
T00153,M0036,OP0048,ST006,Road Preparation,IN_PROGRESS,2025-02-19 12:13:00,2025-02-19 18:19:18,5302.9,m2,366.3,413.2,
T00154,M0038,OP0039,ST004,Demolition,SCHEDULED,2025-06-14 11:07:00,2025-06-14 17:41:06,1012.9,m3,394.1,,
T00155,M0016,OP0023,ST006,Soil Compaction,SCHEDULED,2025-01-27 12:21:00,2025-01-27 13:04:54,959.7,m2,43.9,,
T00156,M0015,OP0014,ST001,Material Loading,SCHEDULED,2025-03-06 14:38:00,2025-03-06 21:13:24,1936.4,tons,395.4,,
T00157,M0030,OP0014,ST009,Earth Excavation,IN_PROGRESS,2025-04-04 15:25:00,2025-04-04 21:10:00,1341.4,m3,345.0,114.0,
T00158,M0006,OP0027,ST010,Trenching,COMPLETED,2025-09-03 14:44:00,2025-09-03 17:25:00,218.7,m,161.0,304.8,0.528
T00159,M0033,OP0020,ST001,Road Preparation,COMPLETED,2025-04-15 15:52:00,2025-04-16 00:44:06,5626.6,m2,532.1,888.1,0.599
T00160,M0033,OP0049,ST001,Road Preparation,CANCELLED,2025-04-28 15:30:00,2025-04-28 18:19:18,2207.1,m2,169.3,,
T00161,M0017,OP0029,ST015,Material Loading,COMPLETED,2025-02-17 15:10:00,2025-02-18 14:15:18,2307.7,tons,1385.3,1647.2,0.841
T00162,M0015,OP0014,ST001,Material Loading,COMPLETED,2025-06-25 15:49:00,2025-06-25 17:34:24,537.4,tons,105.4,238.6,0.442
T00163,M0011,OP0014,ST003,Demolition,DELAYED,2025-04-20 06:25:00,2025-04-20 08:01:00,130.3,m3,96.0,104.5,
T00164,M0011,OP0032,ST003,Trenching,COMPLETED,2025-09-09 14:08:00,2025-09-09 15:51:00,205.8,m,103.0,154.1,0.668
T00165,M0038,OP0052,ST004,Demolition,DELAYED,2025-08-01 13:17:00,2025-08-01 22:25:42,1125.3,m3,548.7,677.2,
T00166,M0026,OP0026,ST015,Grading,IN_PROGRESS,2025-03-28 14:03:00,2025-03-28 17:38:42,4276.1,m2,215.7,123.7,
T00167,M0002,OP0004,ST007,Material Loading,DELAYED,2025-05-20 09:15:00,2025-05-20 16:02:30,2016.6,tons,407.5,534.5,
T00168,M0016,OP0039,ST006,Road Preparation,COMPLETED,2025-01-18 13:44:00,2025-01-18 18:27:12,4051.6,m2,283.2,543.4,0.521
T00169,M0032,OP0018,ST008,Soil Compaction,IN_PROGRESS,2025-07-20 13:15:00,2025-07-20 18:24:06,5211.0,m2,309.1,158.5,
T00170,M0002,OP0050,ST007,Material Stockpiling,COMPLETED,2025-01-09 08:54:00,2025-01-09 12:22:18,1112.9,tons,208.3,335.6,0.621
T00171,M0002,OP0007,ST007,Material Stockpiling,SCHEDULED,2025-04-18 07:58:00,2025-04-18 10:29:12,536.4,tons,151.2,,
T00172,M0005,OP0004,ST003,Demolition,SCHEDULED,2025-08-31 06:12:00,2025-08-31 18:38:30,1068.2,m3,746.5,,
T00173,M0007,OP0052,ST012,Soil Compaction,CANCELLED,2025-01-19 14:57:00,2025-01-19 16:45:48,2390.6,m2,108.8,,
T00174,M0031,OP0027,ST002,Material Stockpiling,COMPLETED,2025-08-20 07:56:00,2025-08-20 17:21:48,2098.5,tons,565.8,681.2,0.831
T00175,M0014,OP0051,ST013,Soil Compaction,COMPLETED,2025-05-09 09:56:00,2025-05-09 10:18:00,406.9,m2,22.0,27.7,0.794
T00176,M0006,OP0054,ST010,Trenching,IN_PROGRESS,2025-06-07 11:10:00,2025-06-07 13:04:30,199.5,m,114.5,65.5,
T00177,M0023,OP0014,ST009,Earth Excavation,COMPLETED,2025-07-25 11:53:00,2025-07-25 16:42:12,680.6,m3,289.2,341.0,0.848
T00178,M0009,OP0011,ST004,Demolition,IN_PROGRESS,2025-03-13 06:46:00,2025-03-13 08:19:42,178.4,m3,93.7,49.7,
T00179,M0001,OP0045,ST007,Earth Excavation,COMPLETED,2025-07-21 11:58:00,2025-07-21 13:14:36,207.6,m3,76.6,157.7,0.486
T00180,M0015,OP0051,ST001,Trenching,IN_PROGRESS,2025-05-01 14:18:00,2025-05-01 15:22:06,132.1,m,64.1,61.4,
T00181,M0035,OP0021,ST013,Grading,COMPLETED,2025-01-19 06:31:00,2025-01-19 10:18:18,4772.9,m2,227.3,212.9,1.068
T00182,M0035,OP0045,ST013,Material Loading,DELAYED,2025-09-25 11:43:00,2025-09-26 04:54:42,1839.2,tons,1031.7,1131.9,
T00183,M0014,OP0006,ST013,Hauling,DELAYED,2025-02-18 13:51:00,2025-02-19 00:05:06,2083.1,tons,614.1,881.9,
T00184,M0024,OP0010,ST004,Soil Compaction,COMPLETED,2025-04-07 09:42:00,2025-04-07 11:46:24,1600.3,m2,124.4,255.7,0.487
T00185,M0035,OP0004,ST013,Trenching,COMPLETED,2025-04-18 15:47:00,2025-04-18 23:16:54,515.0,m,449.9,406.8,1.106
T00186,M0014,OP0051,ST013,Hauling,DELAYED,2025-08-26 11:14:00,2025-08-26 14:34:12,703.4,tons,200.2,205.9,
T00187,M0041,OP0024,ST008,Trenching,DELAYED,2025-09-16 10:06:00,2025-09-16 12:29:48,286.4,m,143.8,192.3,
T00188,M0003,OP0029,ST013,Material Loading,COMPLETED,2025-01-11 13:30:00,2025-01-11 22:58:12,985.2,tons,568.2,685.9,0.828
T00189,M0004,OP0050,ST007,Road Preparation,COMPLETED,2025-07-11 15:12:00,2025-07-11 20:47:42,5580.1,m2,335.7,381.2,0.881
T00190,M0030,OP0043,ST009,Demolition,COMPLETED,2025-05-16 12:40:00,2025-05-16 16:00:42,593.4,m3,200.7,196.8,1.02
T00191,M0008,OP0002,ST008,Earth Excavation,CANCELLED,2025-04-25 13:42:00,2025-04-25 14:12:30,125.0,m3,30.5,,
T00192,M0026,OP0044,ST015,Grading,DELAYED,2025-03-09 10:35:00,2025-03-09 11:48:18,1479.3,m2,73.3,76.6,
T00193,M0029,OP0014,ST010,Grading,COMPLETED,2025-03-18 11:03:00,2025-03-18 13:39:00,1828.5,m2,156.0,273.3,0.571
T00194,M0006,OP0031,ST010,Trenching,COMPLETED,2025-08-27 15:19:00,2025-08-27 16:06:24,80.3,m,47.4,51.8,0.915
T00195,M0015,OP0007,ST001,Demolition,COMPLETED,2025-06-02 07:15:00,2025-06-02 09:31:54,265.6,m3,136.9,213.9,0.64
T00196,M0006,OP0010,ST010,Trenching,COMPLETED,2025-03-12 14:59:00,2025-03-12 17:34:12,271.8,m,155.2,230.3,0.674
T00197,M0036,OP0011,ST006,Road Preparation,COMPLETED,2025-04-22 06:38:00,2025-04-22 15:20:00,5602.4,m2,522.0,762.5,0.685
T00198,M0018,OP0054,ST014,Soil Compaction,COMPLETED,2025-01-25 07:34:00,2025-01-25 12:42:54,3736.0,m2,308.9,261.0,1.184
T00199,M0006,OP0031,ST010,Material Loading,SCHEDULED,2025-08-17 10:01:00,2025-08-18 07:19:36,2452.0,tons,1278.6,,
T00200,M0042,OP0038,ST011,Demolition,COMPLETED,2025-07-17 06:05:00,2025-07-17 14:12:36,1236.3,m3,487.6,502.7,0.97
T00201,M0014,OP0007,ST013,Hauling,COMPLETED,2025-03-22 08:00:00,2025-03-22 09:55:18,257.8,tons,115.3,256.5,0.45
T00202,M0027,OP0034,ST015,Earth Excavation,DELAYED,2025-09-28 10:55:00,2025-09-28 16:38:12,1217.4,m3,343.2,409.7,
T00203,M0019,OP0035,ST002,Trenching,SCHEDULED,2025-05-11 15:18:00,2025-05-11 17:10:36,220.3,m,112.6,,
T00204,M0009,OP0012,ST004,Material Loading,IN_PROGRESS,2025-01-14 10:39:00,2025-01-14 14:29:54,985.4,tons,230.9,100.8,
T00205,M0028,OP0006,ST012,Hauling,COMPLETED,2025-06-16 06:50:00,2025-06-16 08:07:48,135.4,tons,77.8,104.7,0.743
T00206,M0015,OP0032,ST001,Earth Excavation,CANCELLED,2025-07-08 13:55:00,2025-07-08 18:56:06,1214.6,m3,301.1,,
T00207,M0027,OP0016,ST015,Demolition,COMPLETED,2025-09-11 15:22:00,2025-09-11 19:49:06,504.5,m3,267.1,264.6,1.009
T00208,M0011,OP0013,ST003,Trenching,CANCELLED,2025-05-17 14:31:00,2025-05-17 16:47:54,226.2,m,136.9,,
T00209,M0015,OP0034,ST001,Demolition,COMPLETED,2025-02-24 13:19:00,2025-02-24 15:21:00,316.2,m3,122.0,232.2,0.525
T00210,M0030,OP0031,ST009,Demolition,COMPLETED,2025-09-24 08:20:00,2025-09-24 14:48:24,943.6,m3,388.4,735.1,0.528
T00211,M0006,OP0022,ST010,Trenching,COMPLETED,2025-03-30 14:21:00,2025-03-30 18:51:48,475.1,m,270.8,422.0,0.642
T00212,M0042,OP0026,ST011,Material Stockpiling,COMPLETED,2025-02-19 06:00:00,2025-02-19 10:02:18,1126.9,tons,242.3,406.6,0.596
T00213,M0020,OP0049,ST015,Demolition,IN_PROGRESS,2025-07-16 14:33:00,2025-07-16 16:35:42,132.7,m3,122.7,69.5,
T00214,M0017,OP0006,ST015,Road Preparation,DELAYED,2025-09-03 12:38:00,2025-09-03 15:26:18,2799.6,m2,168.3,190.3,
T00215,M0002,OP0015,ST007,Material Loading,SCHEDULED,2025-03-07 06:05:00,2025-03-07 09:19:54,632.0,tons,194.9,,
T00216,M0021,OP0053,ST014,Grading,DELAYED,2025-08-20 14:14:00,2025-08-20 16:43:24,3296.1,m2,149.4,178.6,
T00217,M0008,OP0025,ST008,Earth Excavation,COMPLETED,2025-01-30 15:54:00,2025-01-30 16:48:54,194.2,m3,54.9,63.0,0.871
T00218,M0006,OP0029,ST010,Trenching,COMPLETED,2025-06-15 06:32:00,2025-06-15 10:29:24,313.4,m,237.4,238.4,0.996
T00219,M0013,OP0033,ST007,Grading,COMPLETED,2025-08-24 06:34:00,2025-08-24 11:16:12,3775.3,m2,282.2,285.9,0.987
T00220,M0019,OP0006,ST002,Hauling,CANCELLED,2025-07-08 07:41:00,2025-07-08 13:38:00,756.7,tons,357.0,,
T00221,M0002,OP0034,ST007,Material Loading,DELAYED,2025-07-29 15:18:00,2025-07-29 21:14:06,1479.7,tons,356.1,367.0,
T00222,M0009,OP0006,ST004,Earth Excavation,COMPLETED,2025-08-16 08:48:00,2025-08-16 10:44:30,460.8,m3,116.5,143.7,0.811
T00223,M0031,OP0027,ST002,Material Stockpiling,COMPLETED,2025-09-21 08:15:00,2025-09-21 12:31:36,908.8,tons,256.6,374.8,0.685
T00224,M0021,OP0035,ST014,Road Preparation,IN_PROGRESS,2025-01-13 14:37:00,2025-01-13 15:45:54,1146.2,m2,68.9,30.7,
T00225,M0014,OP0038,ST013,Demolition,IN_PROGRESS,2025-08-05 10:00:00,2025-08-06 02:38:06,1101.1,m3,998.1,424.6,
T00226,M0010,OP0043,ST012,Earth Excavation,IN_PROGRESS,2025-05-31 09:13:00,2025-05-31 14:10:48,626.8,m3,297.8,185.4,
T00227,M0004,OP0031,ST007,Grading,COMPLETED,2025-05-01 10:59:00,2025-05-01 14:10:42,4204.9,m2,191.7,210.0,0.913
T00228,M0013,OP0003,ST007,Trenching,IN_PROGRESS,2025-09-16 12:06:00,2025-09-16 14:47:12,276.7,m,161.2,56.3,
T00229,M0032,OP0016,ST008,Demolition,SCHEDULED,2025-09-12 11:32:00,2025-09-12 22:41:06,1254.3,m3,669.1,,
T00230,M0029,OP0055,ST010,Road Preparation,IN_PROGRESS,2025-06-18 08:28:00,2025-06-18 09:28:30,795.7,m2,60.5,29.5,
T00231,M0004,OP0044,ST007,Grading,DELAYED,2025-09-05 10:37:00,2025-09-05 11:34:06,1108.6,m2,57.1,66.2,
T00232,M0013,OP0048,ST007,Material Stockpiling,COMPLETED,2025-01-22 11:08:00,2025-01-23 01:59:42,2312.3,tons,891.7,1097.5,0.812
T00233,M0011,OP0036,ST003,Trenching,COMPLETED,2025-07-06 09:05:00,2025-07-06 10:47:06,177.0,m,102.1,93.8,1.088
T00234,M0035,OP0042,ST013,Road Preparation,DELAYED,2025-07-30 15:45:00,2025-07-30 18:42:06,2321.2,m2,177.1,161.4,
T00235,M0006,OP0033,ST010,Trenching,COMPLETED,2025-07-07 14:07:00,2025-07-07 16:22:54,266.2,m,135.9,166.5,0.816
T00236,M0030,OP0020,ST009,Demolition,COMPLETED,2025-02-03 15:24:00,2025-02-03 22:53:36,865.1,m3,449.6,530.3,0.848
T00237,M0023,OP0052,ST009,Material Stockpiling,COMPLETED,2025-05-19 08:16:00,2025-05-19 15:40:12,1686.5,tons,444.2,822.8,0.54
T00238,M0025,OP0028,ST011,Material Loading,COMPLETED,2025-08-23 12:00:00,2025-08-23 13:12:24,305.0,tons,72.4,81.2,0.892
T00239,M0031,OP0024,ST002,Material Stockpiling,CANCELLED,2025-07-19 08:06:00,2025-07-19 12:33:12,1435.3,tons,267.2,,
T00240,M0003,OP0021,ST013,Material Stockpiling,COMPLETED,2025-06-23 07:52:00,2025-06-23 11:45:30,1142.5,tons,233.5,636.8,0.367
T00241,M0025,OP0031,ST011,Material Stockpiling,IN_PROGRESS,2025-05-12 14:03:00,2025-05-12 21:41:48,2188.8,tons,458.8,124.1,
T00242,M0031,OP0018,ST002,Material Stockpiling,COMPLETED,2025-05-28 12:59:00,2025-05-28 19:36:06,1930.4,tons,397.1,634.5,0.626
T00243,M0026,OP0014,ST015,Road Preparation,COMPLETED,2025-09-01 15:30:00,2025-09-01 16:14:18,728.2,m2,44.3,57.6,0.769
T00244,M0005,OP0007,ST003,Hauling,DELAYED,2025-03-27 14:49:00,2025-03-27 21:35:18,880.3,tons,406.3,593.0,
T00245,M0041,OP0002,ST008,Trenching,COMPLETED,2025-04-05 09:42:00,2025-04-05 12:39:18,360.3,m,177.3,594.8,0.298
T00246,M0019,OP0024,ST002,Trenching,IN_PROGRESS,2025-07-27 07:15:00,2025-07-27 08:55:48,205.8,m,100.8,44.2,
T00247,M0028,OP0046,ST012,Trenching,IN_PROGRESS,2025-06-09 06:17:00,2025-06-09 09:16:24,245.4,m,179.4,213.1,
T00248,M0033,OP0027,ST001,Hauling,SCHEDULED,2025-01-15 15:44:00,2025-01-16 02:00:12,750.6,tons,616.2,,
T00249,M0042,OP0014,ST011,Material Stockpiling,CANCELLED,2025-05-11 15:05:00,2025-05-11 16:59:18,624.9,tons,114.3,,
T00250,M0017,OP0008,ST015,Road Preparation,SCHEDULED,2025-02-24 09:38:00,2025-02-24 16:44:42,4553.2,m2,426.7,,
T00251,M0024,OP0049,ST004,Material Loading,COMPLETED,2025-04-29 07:36:00,2025-04-29 17:02:30,2252.4,tons,566.5,1225.2,0.462
T00252,M0021,OP0022,ST014,Grading,COMPLETED,2025-01-21 14:02:00,2025-01-21 18:11:54,5426.6,m2,249.9,279.7,0.893
T00253,M0004,OP0035,ST007,Demolition,COMPLETED,2025-03-17 12:48:00,2025-03-17 17:19:36,415.9,m3,271.6,377.2,0.72
T00254,M0035,OP0047,ST013,Road Preparation,COMPLETED,2025-05-18 10:56:00,2025-05-18 14:49:24,3735.8,m2,233.4,250.7,0.931
T00255,M0036,OP0048,ST006,Material Loading,IN_PROGRESS,2025-09-08 10:53:00,2025-09-08 16:43:00,935.4,tons,350.0,296.1,
T00256,M0006,OP0050,ST010,Hauling,COMPLETED,2025-06-28 08:17:00,2025-06-29 00:48:06,1589.9,tons,991.1,1102.2,0.899
T00257,M0011,OP0046,ST003,Hauling,CANCELLED,2025-08-31 10:40:00,2025-09-01 23:13:24,2456.6,tons,2193.4,,
T00258,M0003,OP0001,ST013,Road Preparation,COMPLETED,2025-01-07 14:18:00,2025-01-07 16:11:30,1789.1,m2,113.5,91.0,1.247
T00259,M0037,OP0036,ST005,Grading,SCHEDULED,2025-05-06 10:17:00,2025-05-06 16:06:54,3643.1,m2,349.9,,
T00260,M0012,OP0036,ST002,Hauling,COMPLETED,2025-03-01 11:17:00,2025-03-01 15:03:24,652.3,tons,226.4,284.8,0.795
T00261,M0018,OP0055,ST014,Earth Excavation,COMPLETED,2025-05-26 13:13:00,2025-05-26 17:22:42,835.1,m3,249.7,343.1,0.728
T00262,M0009,OP0055,ST004,Grading,COMPLETED,2025-05-14 09:33:00,2025-05-14 18:30:42,5638.0,m2,537.7,656.0,0.82
T00263,M0013,OP0018,ST007,Trenching,IN_PROGRESS,2025-01-05 07:05:00,2025-01-05 11:45:24,502.1,m,280.4,167.0,
T00264,M0029,OP0049,ST010,Material Stockpiling,COMPLETED,2025-03-31 08:04:00,2025-03-31 15:55:06,2213.1,tons,471.1,569.3,0.828
T00265,M0006,OP0014,ST010,Trenching,COMPLETED,2025-05-07 09:44:00,2025-05-07 14:50:18,593.9,m,306.3,315.8,0.97
T00266,M0005,OP0014,ST003,Hauling,CANCELLED,2025-05-16 13:53:00,2025-05-16 20:09:06,1303.6,tons,376.1,,
T00267,M0031,OP0014,ST002,Material Loading,COMPLETED,2025-01-06 09:48:00,2025-01-06 11:17:36,445.8,tons,89.6,111.5,0.804
T00268,M0018,OP0014,ST014,Earth Excavation,SCHEDULED,2025-05-30 08:05:00,2025-05-30 09:36:24,357.2,m3,91.4,,
T00269,M0026,OP0025,ST015,Road Preparation,COMPLETED,2025-04-29 15:08:00,2025-04-29 21:21:30,5266.5,m2,373.5,404.8,0.923
T00270,M0015,OP0030,ST001,Soil Compaction,CANCELLED,2025-04-12 15:35:00,2025-04-12 21:19:30,5110.4,m2,344.5,,
T00271,M0020,OP0033,ST015,Trenching,COMPLETED,2025-06-08 06:59:00,2025-06-08 07:34:06,67.6,m,35.1,40.5,0.867
T00272,M0039,OP0028,ST003,Earth Excavation,DELAYED,2025-04-21 13:20:00,2025-04-21 19:49:42,1310.2,m3,389.7,399.2,
T00273,M0036,OP0030,ST006,Demolition,CANCELLED,2025-04-17 15:59:00,2025-04-17 21:18:30,812.7,m3,319.5,,
T00274,M0033,OP0004,ST001,Road Preparation,COMPLETED,2025-02-24 08:48:00,2025-02-24 10:04:06,1259.4,m2,76.1,146.9,0.518
T00275,M0028,OP0034,ST012,Demolition,DELAYED,2025-02-19 10:15:00,2025-02-19 13:04:30,442.3,m3,169.5,333.2,
T00276,M0034,OP0031,ST014,Hauling,COMPLETED,2025-01-01 11:59:00,2025-01-02 03:28:42,1718.1,tons,929.7,1310.9,0.709
T00277,M0018,OP0047,ST014,Trenching,COMPLETED,2025-08-26 07:41:00,2025-08-26 08:48:12,133.0,m,67.2,106.7,0.63
T00278,M0010,OP0001,ST012,Hauling,COMPLETED,2025-09-17 10:12:00,2025-09-17 17:30:18,1540.2,tons,438.3,608.5,0.72
T00279,M0029,OP0051,ST010,Grading,DELAYED,2025-07-27 07:08:00,2025-07-27 09:32:54,1729.6,m2,144.9,136.9,
T00280,M0019,OP0045,ST002,Trenching,COMPLETED,2025-09-13 09:43:00,2025-09-13 12:35:00,229.7,m,172.0,279.8,0.615
T00281,M0035,OP0030,ST013,Road Preparation,COMPLETED,2025-05-06 08:23:00,2025-05-06 09:51:54,1254.1,m2,88.9,166.5,0.534
T00282,M0026,OP0048,ST015,Grading,COMPLETED,2025-03-04 06:06:00,2025-03-04 06:38:18,668.7,m2,32.3,31.6,1.022
T00283,M0012,OP0017,ST002,Hauling,DELAYED,2025-01-02 15:54:00,2025-01-02 17:41:24,310.9,tons,107.4,105.1,
T00284,M0037,OP0010,ST005,Trenching,SCHEDULED,2025-04-21 06:42:00,2025-04-21 10:58:42,282.6,m,256.7,,
T00285,M0029,OP0028,ST010,Material Stockpiling,SCHEDULED,2025-03-25 06:43:00,2025-03-25 08:37:30,545.3,tons,114.5,,
T00286,M0012,OP0054,ST002,Hauling,COMPLETED,2025-02-18 10:47:00,2025-02-18 23:38:36,2228.1,tons,771.6,879.7,0.877
T00287,M0027,OP0037,ST015,Trenching,DELAYED,2025-04-20 07:37:00,2025-04-20 08:59:48,147.9,m,82.8,96.7,
T00288,M0005,OP0004,ST003,Hauling,IN_PROGRESS,2025-09-21 13:53:00,2025-09-21 15:38:06,346.8,tons,105.1,54.5,
T00289,M0032,OP0019,ST008,Material Stockpiling,COMPLETED,2025-06-11 07:21:00,2025-06-11 13:33:48,1364.7,tons,372.8,666.2,0.56
T00290,M0003,OP0046,ST013,Material Stockpiling,DELAYED,2025-08-14 08:50:00,2025-08-14 16:43:24,1797.9,tons,473.4,753.1,
T00291,M0039,OP0030,ST003,Demolition,DELAYED,2025-02-05 14:42:00,2025-02-05 19:11:06,664.6,m3,269.1,300.5,
T00292,M0021,OP0025,ST014,Road Preparation,DELAYED,2025-01-23 09:03:00,2025-01-23 15:48:18,5750.1,m2,405.3,445.8,
T00293,M0006,OP0010,ST010,Trenching,COMPLETED,2025-09-05 10:22:00,2025-09-05 15:11:24,506.0,m,289.4,323.8,0.894
T00294,M0022,OP0020,ST002,Hauling,COMPLETED,2025-09-12 06:52:00,2025-09-12 21:26:12,1841.6,tons,874.2,4793.9,0.182
T00295,M0033,OP0014,ST001,Grading,SCHEDULED,2025-04-01 11:01:00,2025-04-01 13:18:48,3298.7,m2,137.8,,
T00296,M0037,OP0042,ST005,Hauling,COMPLETED,2025-09-03 06:44:00,2025-09-04 06:59:24,1979.4,tons,1455.4,3218.4,0.452
T00297,M0011,OP0046,ST003,Road Preparation,DELAYED,2025-04-27 11:46:00,2025-04-28 02:25:36,5574.6,m2,879.6,1314.2,
T00298,M0005,OP0053,ST003,Hauling,CANCELLED,2025-01-24 08:07:00,2025-01-24 10:53:48,487.7,tons,166.8,,
T00299,M0026,OP0020,ST015,Road Preparation,COMPLETED,2025-04-24 08:56:00,2025-04-24 15:18:06,4049.8,m2,382.1,538.2,0.71
T00300,M0002,OP0029,ST007,Material Loading,COMPLETED,2025-06-01 07:00:00,2025-06-01 19:15:18,2423.1,tons,735.3,896.0,0.821
T00301,M0020,OP0032,ST015,Trenching,CANCELLED,2025-03-17 12:35:00,2025-03-17 14:17:48,207.7,m,102.8,,
T00302,M0001,OP0043,ST007,Material Stockpiling,SCHEDULED,2025-04-20 12:49:00,2025-04-20 21:50:30,1750.8,tons,541.5,,
T00303,M0038,OP0034,ST004,Road Preparation,COMPLETED,2025-08-27 13:33:00,2025-08-27 19:17:18,4652.4,m2,344.3,397.8,0.866
T00304,M0033,OP0027,ST001,Grading,COMPLETED,2025-04-21 14:41:00,2025-04-21 18:26:30,3557.7,m2,225.5,488.5,0.462
T00305,M0014,OP0003,ST013,Material Loading,COMPLETED,2025-02-02 10:01:00,2025-02-02 22:23:48,2041.3,tons,742.8,837.9,0.887
T00306,M0036,OP0014,ST006,Demolition,DELAYED,2025-05-29 09:46:00,2025-05-29 14:29:24,828.1,m3,283.4,353.4,
T00307,M0020,OP0049,ST015,Earth Excavation,COMPLETED,2025-07-13 06:40:00,2025-07-13 07:52:30,121.3,m3,72.5,91.6,0.791
T00308,M0018,OP0007,ST014,Demolition,IN_PROGRESS,2025-02-23 07:52:00,2025-02-23 15:29:36,848.4,m3,457.6,204.2,
T00309,M0021,OP0003,ST014,Road Preparation,COMPLETED,2025-09-10 10:42:00,2025-09-10 11:49:24,915.7,m2,67.4,198.1,0.34
T00310,M0039,OP0031,ST003,Material Loading,COMPLETED,2025-02-14 10:18:00,2025-02-14 11:53:12,408.1,tons,95.2,80.1,1.189
T00311,M0002,OP0044,ST007,Material Loading,CANCELLED,2025-06-18 07:54:00,2025-06-18 12:17:00,1006.0,tons,263.0,,
T00312,M0004,OP0017,ST007,Grading,COMPLETED,2025-02-04 14:15:00,2025-02-04 16:36:18,3073.9,m2,141.3,155.0,0.912
T00313,M0013,OP0050,ST007,Trenching,COMPLETED,2025-04-26 13:19:00,2025-04-26 16:24:36,385.2,m,185.6,175.0,1.061
T00314,M0007,OP0028,ST012,Road Preparation,DELAYED,2025-01-20 09:53:00,2025-01-20 14:15:42,3561.2,m2,262.7,352.5,
T00315,M0016,OP0023,ST006,Road Preparation,COMPLETED,2025-06-04 15:09:00,2025-06-04 22:58:36,5179.0,m2,469.6,542.0,0.866
T00316,M0040,OP0003,ST002,Material Loading,COMPLETED,2025-05-17 12:36:00,2025-05-17 14:25:30,463.8,tons,109.5,184.4,0.594
T00317,M0025,OP0026,ST011,Material Stockpiling,DELAYED,2025-02-27 13:55:00,2025-02-27 16:39:54,750.5,tons,164.9,334.2,
T00318,M0033,OP0008,ST001,Grading,IN_PROGRESS,2025-05-27 14:14:00,2025-05-27 16:13:30,1892.9,m2,119.5,79.4,
T00319,M0023,OP0023,ST009,Material Loading,COMPLETED,2025-04-27 06:35:00,2025-04-27 18:36:54,2315.6,tons,721.9,742.2,0.973
T00320,M0034,OP0023,ST014,Trenching,CANCELLED,2025-05-13 10:45:00,2025-05-13 16:06:00,447.0,m,321.0,,
T00321,M0017,OP0016,ST015,Grading,COMPLETED,2025-01-31 07:12:00,2025-01-31 13:12:18,5920.5,m2,360.3,382.7,0.941
T00322,M0034,OP0013,ST014,Earth Excavation,SCHEDULED,2025-06-22 12:23:00,2025-06-22 14:52:18,504.6,m3,149.3,,
T00323,M0026,OP0008,ST015,Road Preparation,DELAYED,2025-06-27 12:55:00,2025-06-27 21:59:48,5690.6,m2,544.8,721.9,
T00324,M0042,OP0008,ST011,Road Preparation,DELAYED,2025-03-04 08:49:00,2025-03-04 16:30:42,5056.2,m2,461.7,735.5,
T00325,M0032,OP0042,ST008,Material Stockpiling,SCHEDULED,2025-01-21 06:44:00,2025-01-21 07:40:00,249.2,tons,56.0,,
T00326,M0026,OP0013,ST015,Grading,DELAYED,2025-08-10 15:35:00,2025-08-10 20:07:18,5490.1,m2,272.3,417.9,
T00327,M0004,OP0031,ST007,Road Preparation,IN_PROGRESS,2025-04-29 06:03:00,2025-04-29 11:07:42,4203.6,m2,304.7,134.4,
T00328,M0032,OP0046,ST008,Trenching,COMPLETED,2025-04-19 09:02:00,2025-04-19 12:01:30,151.4,m,179.5,203.9,0.88
T00329,M0004,OP0051,ST007,Road Preparation,SCHEDULED,2025-08-11 09:29:00,2025-08-11 14:04:18,4385.1,m2,275.3,,
T00330,M0009,OP0046,ST004,Earth Excavation,COMPLETED,2025-09-13 06:00:00,2025-09-13 07:37:12,264.5,m3,97.2,161.4,0.602
T00331,M0028,OP0013,ST012,Material Stockpiling,SCHEDULED,2025-04-29 10:36:00,2025-04-29 14:34:06,644.9,tons,238.1,,
T00332,M0022,OP0049,ST002,Hauling,COMPLETED,2025-04-12 15:45:00,2025-04-12 23:35:54,1273.8,tons,470.9,853.6,0.552
T00333,M0016,OP0023,ST006,Road Preparation,COMPLETED,2025-02-07 15:18:00,2025-02-07 23:13:36,5292.8,m2,475.6,503.5,0.945
T00334,M0019,OP0009,ST002,Soil Compaction,COMPLETED,2025-09-23 13:36:00,2025-09-23 16:45:36,2232.9,m2,189.6,393.3,0.482
T00335,M0027,OP0001,ST015,Material Loading,CANCELLED,2025-08-28 06:55:00,2025-08-28 11:02:30,1189.7,tons,247.5,,
T00336,M0039,OP0040,ST003,Earth Excavation,COMPLETED,2025-04-15 08:01:00,2025-04-15 12:56:54,998.6,m3,295.9,503.5,0.588
T00337,M0039,OP0028,ST003,Material Loading,DELAYED,2025-09-25 06:10:00,2025-09-25 09:56:30,967.4,tons,226.5,237.1,
T00338,M0026,OP0015,ST015,Road Preparation,COMPLETED,2025-09-19 07:10:00,2025-09-19 09:38:06,1542.9,m2,148.1,147.7,1.003
T00339,M0034,OP0046,ST014,Grading,COMPLETED,2025-06-11 08:20:00,2025-06-11 10:01:06,800.0,m2,101.1,115.8,0.873
T00340,M0028,OP0046,ST012,Demolition,COMPLETED,2025-09-16 13:18:00,2025-09-16 14:53:30,188.7,m3,95.5,104.4,0.915
T00341,M0023,OP0043,ST009,Road Preparation,COMPLETED,2025-05-10 13:31:00,2025-05-10 21:50:54,4431.7,m2,499.9,422.7,1.183
T00342,M0001,OP0038,ST007,Trenching,COMPLETED,2025-06-26 13:52:00,2025-06-26 18:30:06,476.0,m,278.1,355.2,0.783
T00343,M0025,OP0046,ST011,Demolition,COMPLETED,2025-05-06 11:02:00,2025-05-07 08:16:24,1130.1,m3,1274.4,1765.1,0.722
T00344,M0033,OP0041,ST001,Earth Excavation,DELAYED,2025-06-10 12:33:00,2025-06-10 23:55:00,1097.6,m3,682.0,1117.9,
T00345,M0001,OP0006,ST007,Trenching,COMPLETED,2025-06-18 08:43:00,2025-06-18 12:43:00,472.0,m,240.0,213.9,1.122
T00346,M0004,OP0016,ST007,Road Preparation,COMPLETED,2025-06-09 14:24:00,2025-06-09 16:52:24,1625.9,m2,148.4,183.8,0.807
T00347,M0003,OP0007,ST013,Demolition,IN_PROGRESS,2025-07-04 11:19:00,2025-07-04 22:40:36,1251.4,m3,681.6,310.0,
T00348,M0008,OP0027,ST008,Trenching,IN_PROGRESS,2025-08-28 09:34:00,2025-08-28 12:51:30,261.1,m,197.5,56.4,
T00349,M0017,OP0022,ST015,Road Preparation,COMPLETED,2025-06-01 07:18:00,2025-06-01 11:09:12,3321.6,m2,231.2,280.3,0.825
T00350,M0039,OP0008,ST003,Trenching,IN_PROGRESS,2025-03-01 06:49:00,2025-03-01 07:23:06,47.0,m,34.1,11.1,
T00351,M0035,OP0005,ST013,Grading,IN_PROGRESS,2025-08-28 07:52:00,2025-08-28 11:42:12,3700.5,m2,230.2,106.8,
T00352,M0037,OP0025,ST005,Soil Compaction,COMPLETED,2025-09-14 15:43:00,2025-09-14 17:23:30,2793.7,m2,100.5,128.5,0.782
T00353,M0005,OP0027,ST003,Hauling,COMPLETED,2025-02-04 14:50:00,2025-02-04 17:18:12,322.2,tons,148.2,191.8,0.773
T00354,M0025,OP0030,ST011,Material Loading,COMPLETED,2025-08-27 11:36:00,2025-08-27 15:16:48,923.5,tons,220.8,249.4,0.885
T00355,M0027,OP0053,ST015,Demolition,CANCELLED,2025-08-18 12:39:00,2025-08-18 19:10:12,1000.4,m3,391.2,,
T00356,M0021,OP0030,ST014,Soil Compaction,COMPLETED,2025-06-21 11:37:00,2025-06-21 14:07:36,1960.1,m2,150.6,243.9,0.617
T00357,M0016,OP0036,ST006,Road Preparation,IN_PROGRESS,2025-06-07 13:58:00,2025-06-07 17:03:36,2531.2,m2,185.6,65.5,
T00358,M0021,OP0041,ST014,Grading,COMPLETED,2025-04-27 07:58:00,2025-04-27 13:53:42,5729.4,m2,355.7,440.5,0.807
T00359,M0012,OP0026,ST002,Material Loading,IN_PROGRESS,2025-05-03 12:11:00,2025-05-04 03:33:54,1879.4,tons,922.9,435.7,
T00360,M0017,OP0011,ST015,Road Preparation,DELAYED,2025-06-03 09:52:00,2025-06-03 15:39:06,3611.3,m2,347.1,346.5,
T00361,M0021,OP0041,ST014,Road Preparation,CANCELLED,2025-05-06 10:18:00,2025-05-06 13:32:48,1982.1,m2,194.8,,
T00362,M0020,OP0019,ST015,Trenching,IN_PROGRESS,2025-03-25 14:44:00,2025-03-25 18:31:54,280.5,m,227.9,100.5,
T00363,M0008,OP0010,ST008,Demolition,COMPLETED,2025-03-24 12:46:00,2025-03-24 19:42:24,1025.6,m3,416.4,463.6,0.898
T00364,M0023,OP0050,ST009,Material Stockpiling,COMPLETED,2025-04-02 11:30:00,2025-04-02 18:28:54,2258.9,tons,418.9,693.0,0.604
T00365,M0034,OP0032,ST014,Earth Excavation,DELAYED,2025-07-06 07:21:00,2025-07-06 11:18:36,920.1,m3,237.6,249.6,
T00366,M0039,OP0014,ST003,Trenching,COMPLETED,2025-09-07 14:50:00,2025-09-07 18:55:48,497.3,m,245.8,286.2,0.859
T00367,M0035,OP0051,ST013,Road Preparation,COMPLETED,2025-02-16 11:27:00,2025-02-16 14:11:06,2681.9,m2,164.1,170.8,0.961
T00368,M0028,OP0028,ST012,Material Stockpiling,COMPLETED,2025-04-15 06:05:00,2025-04-15 18:54:54,1931.5,tons,769.9,1112.6,0.692
T00369,M0040,OP0042,ST002,Earth Excavation,SCHEDULED,2025-08-17 10:12:00,2025-08-17 12:28:30,204.7,m3,136.5,,
T00370,M0009,OP0017,ST004,Hauling,DELAYED,2025-08-25 08:33:00,2025-08-25 18:25:30,842.4,tons,592.5,1512.1,
T00371,M0040,OP0016,ST002,Material Loading,DELAYED,2025-05-26 08:27:00,2025-05-26 13:33:42,1013.6,tons,306.7,448.8,
T00372,M0027,OP0013,ST015,Earth Excavation,DELAYED,2025-03-11 15:54:00,2025-03-11 19:29:18,700.4,m3,215.3,288.5,
T00373,M0008,OP0025,ST008,Material Stockpiling,COMPLETED,2025-05-04 12:01:00,2025-05-04 21:44:48,1378.6,tons,583.8,1019.8,0.572
T00374,M0004,OP0010,ST007,Road Preparation,IN_PROGRESS,2025-05-08 11:02:00,2025-05-08 16:15:24,4365.4,m2,313.4,194.4,
T00375,M0027,OP0027,ST015,Trenching,DELAYED,2025-04-01 10:36:00,2025-04-01 16:02:42,431.0,m,326.7,430.8,
T00376,M0018,OP0045,ST014,Hauling,IN_PROGRESS,2025-02-08 12:20:00,2025-02-08 14:47:48,199.9,tons,147.8,93.8,
T00377,M0040,OP0036,ST002,Road Preparation,COMPLETED,2025-07-09 07:59:00,2025-07-09 09:40:42,830.3,m2,101.7,264.8,0.384
T00378,M0026,OP0028,ST015,Demolition,COMPLETED,2025-05-03 09:54:00,2025-05-03 15:34:36,485.8,m3,340.6,429.3,0.793
T00379,M0024,OP0026,ST004,Material Stockpiling,COMPLETED,2025-04-14 14:28:00,2025-04-14 18:43:18,1183.3,tons,255.3,336.6,0.758
T00380,M0026,OP0015,ST015,Grading,DELAYED,2025-03-02 13:21:00,2025-03-02 18:28:30,4820.6,m2,307.5,368.6,
T00381,M0024,OP0024,ST004,Material Loading,COMPLETED,2025-02-09 12:52:00,2025-02-09 14:05:48,355.2,tons,73.8,102.0,0.724
T00382,M0008,OP0035,ST008,Earth Excavation,COMPLETED,2025-06-29 14:55:00,2025-06-29 18:36:42,863.7,m3,221.7,257.0,0.863
T00383,M0002,OP0009,ST007,Material Loading,SCHEDULED,2025-04-05 11:41:00,2025-04-05 16:07:24,819.3,tons,266.4,,
T00384,M0022,OP0052,ST002,Hauling,DELAYED,2025-01-31 11:37:00,2025-01-31 17:49:48,870.8,tons,372.8,653.7,
T00385,M0040,OP0046,ST002,Material Loading,COMPLETED,2025-09-21 13:48:00,2025-09-22 01:28:00,2359.8,tons,700.0,1047.5,0.668
T00386,M0040,OP0022,ST002,Material Loading,COMPLETED,2025-05-01 07:16:00,2025-05-01 07:48:48,135.5,tons,32.8,33.5,0.979
T00387,M0025,OP0011,ST011,Material Loading,IN_PROGRESS,2025-03-30 15:49:00,2025-03-31 01:33:24,1835.6,tons,584.4,182.7,
T00388,M0015,OP0012,ST001,Demolition,SCHEDULED,2025-09-13 10:43:00,2025-09-13 19:19:48,1284.7,m3,516.8,,
T00389,M0020,OP0024,ST015,Earth Excavation,DELAYED,2025-09-20 09:43:00,2025-09-20 12:45:24,365.0,m3,182.4,182.6,
T00390,M0030,OP0007,ST009,Trenching,COMPLETED,2025-01-20 15:42:00,2025-01-20 19:16:54,269.0,m,214.9,210.6,1.02
T00391,M0018,OP0012,ST014,Soil Compaction,IN_PROGRESS,2025-06-12 08:14:00,2025-06-12 09:40:18,1246.0,m2,86.3,96.5,
T00392,M0023,OP0053,ST009,Demolition,DELAYED,2025-05-27 06:13:00,2025-05-27 16:18:54,743.0,m3,605.9,540.5,
T00393,M0042,OP0037,ST011,Demolition,COMPLETED,2025-02-24 06:51:00,2025-02-24 13:52:54,1089.9,m3,421.9,439.1,0.961
T00394,M0021,OP0038,ST014,Grading,COMPLETED,2025-05-22 09:29:00,2025-05-22 11:08:00,2112.9,m2,99.0,323.4,0.306
T00395,M0009,OP0052,ST004,Earth Excavation,COMPLETED,2025-01-23 08:42:00,2025-01-23 11:32:48,462.1,m3,170.8,243.7,0.701
T00396,M0006,OP0029,ST010,Trenching,DELAYED,2025-04-26 08:48:00,2025-04-26 12:13:54,273.4,m,205.9,267.7,
T00397,M0030,OP0035,ST009,Trenching,IN_PROGRESS,2025-06-15 13:33:00,2025-06-15 17:41:18,502.1,m,248.3,106.4,
T00398,M0011,OP0050,ST003,Road Preparation,COMPLETED,2025-09-02 15:14:00,2025-09-02 18:42:54,1536.1,m2,208.9,223.5,0.935
T00399,M0041,OP0001,ST008,Trenching,SCHEDULED,2025-07-13 07:56:00,2025-07-13 12:01:06,496.8,m,245.1,,
T00400,M0035,OP0014,ST013,Grading,SCHEDULED,2025-09-14 09:16:00,2025-09-14 10:57:18,2431.7,m2,101.3,,
T00401,M0035,OP0022,ST013,Grading,CANCELLED,2025-05-17 10:39:00,2025-05-17 13:26:06,3445.1,m2,167.1,,
T00402,M0004,OP0019,ST007,Grading,SCHEDULED,2025-04-10 06:32:00,2025-04-10 09:40:06,2967.8,m2,188.1,,
T00403,M0016,OP0004,ST006,Road Preparation,DELAYED,2025-04-16 14:55:00,2025-04-16 17:01:06,1981.8,m2,126.1,122.7,
T00404,M0030,OP0049,ST009,Demolition,COMPLETED,2025-03-07 09:23:00,2025-03-07 11:59:30,369.4,m3,156.5,257.9,0.607
T00405,M0030,OP0042,ST009,Material Loading,COMPLETED,2025-03-14 08:46:00,2025-03-14 13:32:36,1189.7,tons,286.6,251.2,1.141
T00406,M0006,OP0041,ST010,Material Loading,COMPLETED,2025-09-27 12:34:00,2025-09-27 15:47:36,324.8,tons,193.6,217.2,0.891
T00407,M0027,OP0018,ST015,Trenching,COMPLETED,2025-08-22 08:05:00,2025-08-22 11:48:00,396.3,m,223.0,271.3,0.822
T00408,M0015,OP0043,ST001,Earth Excavation,SCHEDULED,2025-03-12 12:26:00,2025-03-12 12:59:54,134.0,m3,33.9,,
T00409,M0001,OP0012,ST007,Demolition,COMPLETED,2025-08-14 09:59:00,2025-08-14 12:26:00,375.3,m3,147.0,173.1,0.849
T00410,M0042,OP0030,ST011,Material Stockpiling,DELAYED,2025-03-07 06:22:00,2025-03-07 15:01:30,2437.5,tons,519.5,589.7,
T00411,M0029,OP0034,ST010,Trenching,CANCELLED,2025-06-28 13:48:00,2025-06-28 16:09:30,116.7,m,141.5,,
T00412,M0010,OP0012,ST012,Hauling,DELAYED,2025-04-30 07:19:00,2025-04-30 08:11:30,154.1,tons,52.5,166.5,
T00413,M0001,OP0018,ST007,Trenching,DELAYED,2025-09-07 07:36:00,2025-09-07 10:49:36,333.6,m,193.6,180.2,
T00414,M0023,OP0009,ST009,Material Stockpiling,COMPLETED,2025-05-25 08:33:00,2025-05-25 11:34:18,631.5,tons,181.3,416.6,0.435
T00415,M0001,OP0036,ST007,Material Loading,IN_PROGRESS,2025-07-20 15:44:00,2025-07-20 17:46:18,539.0,tons,122.3,90.5,
T00416,M0001,OP0051,ST007,Material Loading,COMPLETED,2025-04-13 13:24:00,2025-04-13 18:54:24,1639.3,tons,330.4,337.6,0.979
T00417,M0024,OP0005,ST004,Material Loading,SCHEDULED,2025-04-05 07:30:00,2025-04-05 13:10:06,1090.7,tons,340.1,,
T00418,M0041,OP0039,ST008,Soil Compaction,CANCELLED,2025-05-28 11:14:00,2025-05-28 13:07:36,2033.9,m2,113.6,,
T00419,M0033,OP0042,ST001,Road Preparation,SCHEDULED,2025-02-05 12:09:00,2025-02-05 18:35:48,5053.7,m2,386.8,,
T00420,M0025,OP0035,ST011,Material Stockpiling,COMPLETED,2025-01-19 11:22:00,2025-01-19 15:25:30,1392.3,tons,243.5,349.7,0.696
T00421,M0024,OP0016,ST004,Material Loading,COMPLETED,2025-03-22 09:45:00,2025-03-22 14:37:06,925.0,tons,292.1,505.4,0.578
T00422,M0001,OP0003,ST007,Earth Excavation,COMPLETED,2025-01-02 10:26:00,2025-01-02 15:18:18,998.6,m3,292.3,316.4,0.924
T00423,M0019,OP0005,ST002,Material Loading,COMPLETED,2025-02-04 06:13:00,2025-02-04 18:22:18,1153.1,tons,729.3,789.5,0.924
T00424,M0004,OP0045,ST007,Trenching,COMPLETED,2025-04-20 06:45:00,2025-04-20 20:10:36,491.4,m,805.6,1147.1,0.702
T00425,M0030,OP0053,ST009,Material Loading,CANCELLED,2025-04-01 12:34:00,2025-04-01 14:11:48,418.9,tons,97.8,,
T00426,M0003,OP0007,ST013,Demolition,COMPLETED,2025-05-16 12:06:00,2025-05-16 16:31:00,503.8,m3,265.0,252.5,1.05
T00427,M0001,OP0052,ST007,Earth Excavation,SCHEDULED,2025-09-11 09:27:00,2025-09-11 10:28:12,172.5,m3,61.2,,
T00428,M0017,OP0012,ST015,Road Preparation,COMPLETED,2025-01-14 15:04:00,2025-01-14 19:11:36,3451.6,m2,247.6,287.8,0.86
T00429,M0039,OP0044,ST003,Trenching,CANCELLED,2025-07-20 10:05:00,2025-07-20 15:39:30,531.8,m,334.5,,
T00430,M0003,OP0001,ST013,Road Preparation,COMPLETED,2025-01-14 15:26:00,2025-01-14 21:04:36,5532.1,m2,338.6,462.9,0.731
T00431,M0026,OP0049,ST015,Grading,COMPLETED,2025-07-08 14:55:00,2025-07-08 19:17:54,5420.2,m2,262.9,342.5,0.768
T00432,M0024,OP0039,ST004,Material Loading,COMPLETED,2025-01-09 07:33:00,2025-01-09 16:47:54,2284.6,tons,554.9,1011.0,0.549
T00433,M0009,OP0003,ST004,Demolition,SCHEDULED,2025-02-01 15:39:00,2025-02-01 18:25:36,426.9,m3,166.6,,
T00434,M0004,OP0024,ST007,Grading,COMPLETED,2025-05-25 12:28:00,2025-05-25 14:41:18,3358.4,m2,133.3,198.0,0.673
T00435,M0033,OP0011,ST001,Road Preparation,COMPLETED,2025-03-07 10:41:00,2025-03-07 20:12:54,5963.0,m2,571.9,758.2,0.754
T00436,M0025,OP0005,ST011,Material Loading,SCHEDULED,2025-01-12 12:48:00,2025-01-12 14:12:06,285.8,tons,84.1,,
T00437,M0021,OP0036,ST014,Road Preparation,CANCELLED,2025-09-05 15:16:00,2025-09-05 20:27:12,4295.9,m2,311.2,,
T00438,M0017,OP0010,ST015,Trenching,CANCELLED,2025-07-12 12:54:00,2025-07-12 18:05:54,258.0,m,311.9,,
T00439,M0009,OP0026,ST004,Trenching,COMPLETED,2025-05-06 07:52:00,2025-05-06 10:02:18,212.4,m,130.3,162.4,0.802
T00440,M0031,OP0032,ST002,Soil Compaction,DELAYED,2025-05-18 12:20:00,2025-05-18 14:12:36,1657.6,m2,112.6,216.9,
T00441,M0022,OP0053,ST002,Hauling,CANCELLED,2025-05-19 08:03:00,2025-05-19 12:32:30,807.3,tons,269.5,,
T00442,M0023,OP0016,ST009,Material Loading,COMPLETED,2025-09-10 08:50:00,2025-09-10 12:46:24,772.4,tons,236.4,279.9,0.845
T00443,M0020,OP0021,ST015,Road Preparation,COMPLETED,2025-02-12 11:43:00,2025-02-12 16:12:48,1982.7,m2,269.8,279.1,0.967
T00444,M0021,OP0007,ST014,Hauling,COMPLETED,2025-05-15 09:16:00,2025-05-16 13:42:36,2231.2,tons,1706.6,2238.7,0.762
T00445,M0038,OP0045,ST004,Demolition,IN_PROGRESS,2025-06-29 15:29:00,2025-06-29 19:14:06,442.0,m3,225.1,208.4,
T00446,M0017,OP0041,ST015,Grading,COMPLETED,2025-06-10 15:01:00,2025-06-10 16:29:18,1425.3,m2,88.3,99.3,0.889
T00447,M0011,OP0015,ST003,Grading,CANCELLED,2025-09-04 12:16:00,2025-09-04 20:43:42,3926.9,m2,507.7,,
T00448,M0007,OP0021,ST012,Road Preparation,COMPLETED,2025-01-17 14:02:00,2025-01-17 20:57:18,5937.0,m2,415.3,523.1,0.794
T00449,M0033,OP0011,ST001,Earth Excavation,COMPLETED,2025-03-18 07:25:00,2025-03-18 17:24:36,921.8,m3,599.6,766.4,0.782
T00450,M0027,OP0049,ST015,Material Loading,IN_PROGRESS,2025-07-24 14:52:00,2025-07-24 16:38:36,413.1,tons,106.6,71.9,
T00451,M0035,OP0050,ST013,Road Preparation,IN_PROGRESS,2025-01-13 11:35:00,2025-01-13 16:49:36,4940.7,m2,314.6,88.4,
T00452,M0019,OP0008,ST002,Trenching,DELAYED,2025-02-22 09:15:00,2025-02-22 15:24:36,500.6,m,369.6,458.9,
T00453,M0031,OP0026,ST002,Material Stockpiling,COMPLETED,2025-03-30 07:19:00,2025-03-30 12:28:36,1389.2,tons,309.6,547.8,0.565
T00454,M0006,OP0030,ST010,Trenching,CANCELLED,2025-01-17 06:04:00,2025-01-17 06:50:42,81.0,m,46.7,,
T00455,M0036,OP0055,ST006,Road Preparation,COMPLETED,2025-04-13 14:55:00,2025-04-13 20:49:42,4768.5,m2,354.7,438.2,0.809
T00456,M0031,OP0049,ST002,Demolition,CANCELLED,2025-08-03 14:10:00,2025-08-04 05:57:18,1146.0,m3,947.3,,
T00457,M0020,OP0048,ST015,Trenching,COMPLETED,2025-02-11 15:25:00,2025-02-11 16:20:00,96.8,m,55.0,65.1,0.845
T00458,M0032,OP0049,ST008,Demolition,SCHEDULED,2025-07-02 15:54:00,2025-07-02 23:24:30,1103.0,m3,450.5,,
T00459,M0017,OP0039,ST015,Trenching,DELAYED,2025-02-18 08:23:00,2025-02-18 09:25:42,46.2,m,62.7,55.8,
T00460,M0040,OP0020,ST002,Material Stockpiling,COMPLETED,2025-09-19 09:05:00,2025-09-19 11:17:24,481.0,tons,132.4,240.1,0.551
T00461,M0021,OP0035,ST014,Earth Excavation,COMPLETED,2025-01-02 08:18:00,2025-01-02 09:54:24,169.6,m3,96.4,100.2,0.962
T00462,M0014,OP0025,ST013,Hauling,SCHEDULED,2025-01-28 10:04:00,2025-01-28 18:12:48,1403.5,tons,488.8,,
T00463,M0021,OP0027,ST014,Road Preparation,CANCELLED,2025-07-01 15:03:00,2025-07-01 21:27:12,3984.4,m2,384.2,,
T00464,M0027,OP0008,ST015,Material Loading,COMPLETED,2025-03-06 12:43:00,2025-03-06 19:22:18,1331.1,tons,399.3,802.2,0.498
T00465,M0018,OP0005,ST014,Demolition,COMPLETED,2025-09-05 13:08:00,2025-09-05 18:43:36,638.9,m3,335.6,357.0,0.94
T00466,M0038,OP0039,ST004,Demolition,COMPLETED,2025-09-18 14:57:00,2025-09-18 18:00:24,465.2,m3,183.4,221.8,0.827
T00467,M0013,OP0007,ST007,Trenching,COMPLETED,2025-01-10 13:45:00,2025-01-10 17:44:00,296.0,m,239.0,232.5,1.028
T00468,M0037,OP0019,ST005,Soil Compaction,COMPLETED,2025-08-27 14:44:00,2025-08-27 16:11:12,1867.1,m2,87.2,203.1,0.429
T00469,M0031,OP0036,ST002,Material Loading,COMPLETED,2025-04-10 13:33:00,2025-04-10 17:34:00,1040.3,tons,241.0,325.2,0.741
T00470,M0038,OP0050,ST004,Material Loading,COMPLETED,2025-02-01 10:14:00,2025-02-01 15:10:54,701.0,tons,296.9,436.3,0.68
T00471,M0018,OP0049,ST014,Earth Excavation,DELAYED,2025-07-03 10:23:00,2025-07-03 11:32:24,219.5,m3,69.4,78.9,
T00472,M0033,OP0010,ST001,Grading,COMPLETED,2025-08-28 07:27:00,2025-08-28 10:39:24,3987.2,m2,192.4,336.1,0.572
T00473,M0036,OP0007,ST006,Material Loading,SCHEDULED,2025-03-02 09:12:00,2025-03-02 23:02:42,1261.9,tons,830.7,,
T00474,M0001,OP0050,ST007,Demolition,DELAYED,2025-09-24 13:56:00,2025-09-24 16:43:18,500.2,m3,167.3,277.3,
T00475,M0014,OP0032,ST013,Soil Compaction,CANCELLED,2025-07-24 12:24:00,2025-07-24 12:40:12,324.5,m2,16.2,,
T00476,M0008,OP0012,ST008,Demolition,CANCELLED,2025-06-12 09:33:00,2025-06-12 12:07:54,375.9,m3,154.9,,
T00477,M0024,OP0028,ST004,Soil Compaction,COMPLETED,2025-03-28 13:37:00,2025-03-28 14:36:48,907.3,m2,59.8,72.8,0.821
T00478,M0020,OP0021,ST015,Trenching,SCHEDULED,2025-03-09 12:03:00,2025-03-09 12:45:30,73.2,m,42.5,,
T00479,M0027,OP0044,ST015,Trenching,DELAYED,2025-02-27 06:55:00,2025-02-27 10:54:12,392.7,m,239.2,288.0,
T00480,M0042,OP0002,ST011,Material Stockpiling,IN_PROGRESS,2025-08-09 06:07:00,2025-08-09 12:43:36,2188.4,tons,396.6,585.8,
T00481,M0015,OP0024,ST001,Hauling,DELAYED,2025-03-17 06:56:00,2025-03-18 03:53:12,2425.3,tons,1257.2,1538.0,
T00482,M0021,OP0013,ST014,Grading,CANCELLED,2025-05-08 13:58:00,2025-05-08 17:25:36,4425.0,m2,207.6,,
T00483,M0034,OP0002,ST014,Material Loading,COMPLETED,2025-07-14 08:29:00,2025-07-14 15:36:36,2115.7,tons,427.6,578.9,0.739
T00484,M0034,OP0006,ST014,Material Loading,IN_PROGRESS,2025-09-02 14:21:00,2025-09-02 22:29:24,2433.3,tons,488.4,350.6,
T00485,M0016,OP0045,ST006,Road Preparation,CANCELLED,2025-09-18 06:30:00,2025-09-18 07:22:06,580.9,m2,52.1,,
T00486,M0028,OP0013,ST012,Earth Excavation,SCHEDULED,2025-01-02 08:30:00,2025-01-02 09:39:30,239.2,m3,69.5,,
T00487,M0022,OP0048,ST002,Hauling,COMPLETED,2025-06-29 11:14:00,2025-06-29 15:47:54,820.4,tons,273.9,340.7,0.804
T00488,M0021,OP0042,ST014,Grading,COMPLETED,2025-08-22 09:00:00,2025-08-22 09:49:36,1019.6,m2,49.6,72.6,0.683
T00489,M0029,OP0052,ST010,Demolition,SCHEDULED,2025-04-07 11:41:00,2025-04-07 14:29:48,329.8,m3,168.8,,
T00490,M0010,OP0033,ST012,Hauling,COMPLETED,2025-01-12 15:04:00,2025-01-13 02:08:18,2291.3,tons,664.3,1127.9,0.589
T00491,M0003,OP0022,ST013,Road Preparation,CANCELLED,2025-09-04 15:36:00,2025-09-04 16:26:54,693.2,m2,50.9,,
T00492,M0012,OP0028,ST002,Earth Excavation,COMPLETED,2025-05-01 15:22:00,2025-05-01 16:31:36,114.3,m3,69.6,108.1,0.644
T00493,M0031,OP0021,ST002,Demolition,DELAYED,2025-06-12 10:53:00,2025-06-12 15:53:54,433.3,m3,300.9,375.5,
T00494,M0022,OP0035,ST002,Earth Excavation,COMPLETED,2025-08-21 08:45:00,2025-08-21 12:35:54,443.9,m3,230.9,217.8,1.06
T00495,M0021,OP0052,ST014,Earth Excavation,COMPLETED,2025-01-07 11:18:00,2025-01-07 15:49:54,438.3,m3,271.9,265.9,1.023
T00496,M0042,OP0048,ST011,Material Stockpiling,IN_PROGRESS,2025-01-19 11:10:00,2025-01-19 17:23:42,1829.1,tons,373.7,183.2,
T00497,M0031,OP0014,ST002,Material Stockpiling,SCHEDULED,2025-05-25 15:13:00,2025-05-25 21:38:18,2148.7,tons,385.3,,
T00498,M0023,OP0034,ST009,Material Stockpiling,COMPLETED,2025-09-27 11:24:00,2025-09-27 16:12:00,1331.5,tons,288.0,554.7,0.519
T00499,M0007,OP0014,ST012,Road Preparation,COMPLETED,2025-08-15 15:13:00,2025-08-15 16:36:12,1336.0,m2,83.2,81.9,1.016
T00500,M0034,OP0021,ST014,Road Preparation,DELAYED,2025-07-28 11:13:00,2025-07-28 13:48:30,1035.9,m2,155.5,210.8,
T00501,M0029,OP0051,ST010,Road Preparation,COMPLETED,2025-03-18 10:01:00,2025-03-18 10:32:18,497.8,m2,31.3,56.3,0.556
T00502,M0002,OP0031,ST007,Material Stockpiling,COMPLETED,2025-08-13 13:13:00,2025-08-13 18:01:18,1396.0,tons,288.3,367.5,0.784
T00503,M0040,OP0026,ST002,Material Loading,CANCELLED,2025-05-25 10:39:00,2025-05-25 18:43:00,2006.0,tons,484.0,,
T00504,M0028,OP0050,ST012,Trenching,IN_PROGRESS,2025-07-22 14:42:00,2025-07-22 15:24:24,83.3,m,42.4,35.4,
T00505,M0006,OP0053,ST010,Trenching,COMPLETED,2025-08-28 14:06:00,2025-08-28 17:00:24,310.9,m,174.4,205.8,0.847
T00506,M0031,OP0037,ST002,Material Loading,CANCELLED,2025-09-09 13:17:00,2025-09-09 21:18:12,2060.5,tons,481.2,,
T00507,M0011,OP0020,ST003,Grading,COMPLETED,2025-09-29 10:21:00,2025-09-29 14:34:06,2389.6,m2,253.1,244.8,1.034
T00508,M0030,OP0023,ST009,Material Loading,SCHEDULED,2025-09-03 07:52:00,2025-09-03 19:59:12,2337.5,tons,727.2,,
T00509,M0030,OP0041,ST009,Earth Excavation,COMPLETED,2025-04-14 08:29:00,2025-04-14 15:36:18,1085.8,m3,427.3,457.5,0.934
T00510,M0038,OP0020,ST004,Material Stockpiling,IN_PROGRESS,2025-05-16 09:59:00,2025-05-16 13:53:24,819.2,tons,234.4,213.7,
T00511,M0022,OP0050,ST002,Material Stockpiling,COMPLETED,2025-06-29 15:54:00,2025-06-30 01:05:18,1721.3,tons,551.3,585.6,0.941
T00512,M0002,OP0046,ST007,Material Loading,COMPLETED,2025-06-21 12:55:00,2025-06-21 13:48:36,174.2,tons,53.6,57.4,0.934
T00513,M0038,OP0027,ST004,Demolition,DELAYED,2025-05-30 14:22:00,2025-05-30 20:44:12,724.4,m3,382.2,423.1,
T00514,M0039,OP0022,ST003,Material Loading,IN_PROGRESS,2025-01-22 08:31:00,2025-01-22 17:17:36,2204.8,tons,526.6,249.7,
T00515,M0031,OP0029,ST002,Material Loading,CANCELLED,2025-05-24 14:42:00,2025-05-25 00:16:00,1895.8,tons,574.0,,
T00516,M0038,OP0036,ST004,Road Preparation,SCHEDULED,2025-01-05 13:56:00,2025-01-05 16:13:42,1988.5,m2,137.7,,
T00517,M0041,OP0029,ST008,Trenching,COMPLETED,2025-09-28 06:25:00,2025-09-28 11:00:42,375.6,m,275.7,400.8,0.688
T00518,M0014,OP0023,ST013,Road Preparation,DELAYED,2025-01-01 06:03:00,2025-01-01 17:32:24,3805.5,m2,689.4,1088.6,
T00519,M0027,OP0006,ST015,Trenching,COMPLETED,2025-05-13 07:28:00,2025-05-13 10:49:12,409.4,m,201.2,218.8,0.92
T00520,M0038,OP0049,ST004,Material Stockpiling,IN_PROGRESS,2025-04-11 14:11:00,2025-04-11 17:50:30,957.3,tons,219.5,308.1,
T00521,M0027,OP0003,ST015,Road Preparation,COMPLETED,2025-05-25 13:36:00,2025-05-25 17:24:48,1513.0,m2,228.8,420.0,0.545
T00522,M0008,OP0030,ST008,Earth Excavation,COMPLETED,2025-01-02 09:16:00,2025-01-02 12:55:06,785.5,m3,219.1,239.1,0.916
T00523,M0015,OP0041,ST001,Trenching,COMPLETED,2025-03-10 07:37:00,2025-03-10 11:01:36,252.5,m,204.6,273.8,0.747
T00524,M0035,OP0004,ST013,Grading,DELAYED,2025-07-08 12:48:00,2025-07-08 16:48:54,5913.6,m2,240.9,224.3,
T00525,M0032,OP0052,ST008,Material Stockpiling,SCHEDULED,2025-03-30 14:29:00,2025-03-31 00:32:24,2233.4,tons,603.4,,
T00526,M0017,OP0016,ST015,Road Preparation,COMPLETED,2025-03-10 11:48:00,2025-03-10 15:00:12,1991.6,m2,192.2,749.6,0.256
T00527,M0018,OP0029,ST014,Material Loading,IN_PROGRESS,2025-02-09 10:27:00,2025-02-09 18:46:24,1581.2,tons,499.4,522.6,
T00528,M0041,OP0050,ST008,Trenching,COMPLETED,2025-05-12 07:51:00,2025-05-12 11:41:42,458.6,m,230.7,254.1,0.908
T00529,M0026,OP0001,ST015,Grading,COMPLETED,2025-05-08 13:35:00,2025-05-08 15:05:12,2291.9,m2,90.2,93.2,0.968
T00530,M0028,OP0030,ST012,Earth Excavation,SCHEDULED,2025-04-29 12:48:00,2025-04-29 14:15:06,292.2,m3,87.1,,
T00531,M0025,OP0021,ST011,Material Stockpiling,COMPLETED,2025-04-07 12:42:00,2025-04-07 17:51:36,1441.2,tons,309.6,440.8,0.702
T00532,M0017,OP0042,ST015,Road Preparation,DELAYED,2025-03-30 06:52:00,2025-03-30 13:33:06,5179.2,m2,401.1,416.6,
T00533,M0036,OP0045,ST006,Trenching,COMPLETED,2025-08-21 10:03:00,2025-08-21 12:59:24,151.4,m,176.4,244.5,0.721
T00534,M0041,OP0007,ST008,Hauling,COMPLETED,2025-03-09 12:07:00,2025-03-10 16:28:00,1870.1,tons,1701.0,3185.0,0.534
T00535,M0029,OP0051,ST010,Material Stockpiling,COMPLETED,2025-08-03 15:46:00,2025-08-03 18:53:30,1066.7,tons,187.5,303.8,0.617
T00536,M0011,OP0048,ST003,Trenching,COMPLETED,2025-08-16 08:43:00,2025-08-16 13:33:12,503.3,m,290.2,270.9,1.071
T00537,M0016,OP0042,ST006,Road Preparation,SCHEDULED,2025-05-22 08:40:00,2025-05-22 11:08:12,1943.3,m2,148.2,,
T00538,M0029,OP0030,ST010,Material Stockpiling,COMPLETED,2025-09-08 12:06:00,2025-09-08 17:42:00,1645.7,tons,336.0,716.5,0.469
T00539,M0012,OP0018,ST002,Hauling,COMPLETED,2025-04-28 11:08:00,2025-04-28 13:48:42,482.0,tons,160.7,282.8,0.568
T00540,M0005,OP0029,ST003,Material Loading,COMPLETED,2025-03-03 06:36:00,2025-03-03 15:20:54,1043.2,tons,524.9,1942.7,0.27
T00541,M0010,OP0017,ST012,Earth Excavation,CANCELLED,2025-01-11 09:57:00,2025-01-11 16:50:36,702.8,m3,413.6,,
T00542,M0035,OP0016,ST013,Grading,CANCELLED,2025-01-03 13:10:00,2025-01-03 16:33:42,3402.9,m2,203.7,,
T00543,M0039,OP0027,ST003,Earth Excavation,DELAYED,2025-06-24 07:27:00,2025-06-24 08:28:00,162.9,m3,61.0,66.4,
T00544,M0037,OP0004,ST005,Road Preparation,COMPLETED,2025-07-01 08:10:00,2025-07-01 13:23:54,5166.6,m2,313.9,446.5,0.703
T00545,M0015,OP0028,ST001,Trenching,COMPLETED,2025-05-20 11:58:00,2025-05-20 14:41:54,281.6,m,163.9,234.1,0.7
T00546,M0014,OP0001,ST013,Soil Compaction,DELAYED,2025-05-12 13:15:00,2025-05-12 17:29:36,4757.0,m2,254.6,242.3,
T00547,M0027,OP0035,ST015,Road Preparation,COMPLETED,2025-09-20 15:32:00,2025-09-20 19:17:30,1614.4,m2,225.5,241.1,0.935
T00548,M0021,OP0006,ST014,Material Loading,COMPLETED,2025-04-24 11:02:00,2025-04-24 19:14:24,1230.9,tons,492.4,545.0,0.903
T00549,M0029,OP0017,ST010,Demolition,DELAYED,2025-05-15 12:12:00,2025-05-15 16:32:42,650.0,m3,260.7,339.0,
T00550,M0013,OP0028,ST007,Trenching,COMPLETED,2025-02-02 12:42:00,2025-02-02 17:10:18,463.4,m,268.3,415.0,0.647
T00551,M0020,OP0055,ST015,Trenching,COMPLETED,2025-06-28 15:04:00,2025-06-28 20:07:00,495.0,m,303.0,346.1,0.875
T00552,M0016,OP0039,ST006,Road Preparation,COMPLETED,2025-07-11 13:42:00,2025-07-11 17:56:00,3622.8,m2,254.0,303.2,0.838
T00553,M0038,OP0022,ST004,Demolition,COMPLETED,2025-09-13 14:07:00,2025-09-13 20:07:24,904.5,m3,360.4,525.6,0.686
T00554,M0008,OP0004,ST008,Demolition,SCHEDULED,2025-06-02 09:16:00,2025-06-02 13:59:30,816.1,m3,283.5,,
T00555,M0039,OP0029,ST003,Demolition,COMPLETED,2025-08-17 09:51:00,2025-08-17 19:04:12,1092.6,m3,553.2,1572.1,0.352
T00556,M0017,OP0055,ST015,Grading,COMPLETED,2025-09-16 10:47:00,2025-09-16 15:08:00,5455.9,m2,261.0,470.9,0.554
T00557,M0022,OP0006,ST002,Soil Compaction,SCHEDULED,2025-06-19 06:29:00,2025-06-19 09:43:42,3317.5,m2,194.7,,
T00558,M0040,OP0028,ST002,Material Stockpiling,COMPLETED,2025-07-08 08:11:00,2025-07-08 11:23:54,934.3,tons,192.9,258.6,0.746
T00559,M0006,OP0054,ST010,Trenching,COMPLETED,2025-03-09 07:08:00,2025-03-09 10:34:18,355.0,m,206.3,214.6,0.961
T00560,M0041,OP0050,ST008,Trenching,COMPLETED,2025-04-10 12:22:00,2025-04-10 15:47:00,421.6,m,205.0,229.4,0.894
T00561,M0019,OP0032,ST002,Trenching,CANCELLED,2025-02-12 10:52:00,2025-02-12 13:18:00,286.5,m,146.0,,
T00562,M0029,OP0012,ST010,Road Preparation,COMPLETED,2025-07-11 13:39:00,2025-07-11 18:20:00,3680.8,m2,281.0,318.7,0.882
T00563,M0004,OP0011,ST007,Road Preparation,DELAYED,2025-08-01 10:13:00,2025-08-01 12:20:42,1297.7,m2,127.7,127.3,
T00564,M0022,OP0005,ST002,Hauling,COMPLETED,2025-02-03 08:23:00,2025-02-03 16:31:42,1112.7,tons,488.7,555.6,0.88
T00565,M0034,OP0024,ST014,Trenching,COMPLETED,2025-09-14 11:08:00,2025-09-14 14:36:12,421.6,m,208.2,220.1,0.946
T00566,M0001,OP0047,ST007,Earth Excavation,CANCELLED,2025-05-29 08:11:00,2025-05-29 10:22:12,538.5,m3,131.2,,
T00567,M0031,OP0032,ST002,Road Preparation,COMPLETED,2025-09-03 13:41:00,2025-09-03 22:36:30,5014.8,m2,535.5,689.3,0.777
T00568,M0037,OP0011,ST005,Soil Compaction,COMPLETED,2025-09-05 09:35:00,2025-09-05 11:29:06,2302.0,m2,114.1,166.9,0.684
T00569,M0009,OP0027,ST004,Demolition,COMPLETED,2025-09-12 12:30:00,2025-09-12 22:48:24,1222.1,m3,618.4,950.5,0.651
T00570,M0027,OP0042,ST015,Earth Excavation,COMPLETED,2025-03-09 10:16:00,2025-03-09 11:41:06,270.3,m3,85.1,97.4,0.874
T00571,M0007,OP0019,ST012,Earth Excavation,DELAYED,2025-02-19 08:29:00,2025-02-19 10:52:30,235.5,m3,143.5,127.9,
T00572,M0011,OP0046,ST003,Grading,COMPLETED,2025-07-30 09:37:00,2025-07-30 18:12:00,3926.6,m2,515.0,623.5,0.826
T00573,M0025,OP0006,ST011,Material Loading,CANCELLED,2025-08-13 13:41:00,2025-08-13 17:45:36,1189.1,tons,244.6,,
T00574,M0010,OP0037,ST012,Grading,CANCELLED,2025-09-20 11:33:00,2025-09-20 12:18:18,484.9,m2,45.3,,
T00575,M0007,OP0003,ST012,Road Preparation,DELAYED,2025-09-23 08:49:00,2025-09-23 14:23:30,4656.4,m2,334.5,426.5,
T00576,M0007,OP0047,ST012,Road Preparation,DELAYED,2025-08-26 10:03:00,2025-08-26 14:53:12,4724.0,m2,290.2,317.5,
T00577,M0039,OP0020,ST003,Demolition,COMPLETED,2025-06-30 13:37:00,2025-06-30 17:47:36,460.6,m3,250.6,298.3,0.84
T00578,M0006,OP0041,ST010,Trenching,CANCELLED,2025-06-25 06:50:00,2025-06-25 07:37:54,62.7,m,47.9,,
T00579,M0027,OP0019,ST015,Material Stockpiling,COMPLETED,2025-05-23 10:54:00,2025-05-23 22:01:36,1205.2,tons,667.6,1736.2,0.385
T00580,M0018,OP0052,ST014,Demolition,COMPLETED,2025-07-23 10:54:00,2025-07-23 15:03:42,497.4,m3,249.7,594.5,0.42
T00581,M0041,OP0004,ST008,Trenching,CANCELLED,2025-06-25 11:19:00,2025-06-25 11:50:24,60.3,m,31.4,,
T00582,M0035,OP0028,ST013,Grading,COMPLETED,2025-09-10 12:28:00,2025-09-10 13:53:42,1857.7,m2,85.7,94.2,0.91
T00583,M0033,OP0049,ST001,Earth Excavation,DELAYED,2025-09-15 10:14:00,2025-09-15 11:40:12,183.3,m3,86.2,122.1,
T00584,M0023,OP0042,ST009,Material Stockpiling,SCHEDULED,2025-03-07 15:12:00,2025-03-07 17:14:06,539.2,tons,122.1,,
T00585,M0020,OP0031,ST015,Trenching,DELAYED,2025-06-16 15:15:00,2025-06-16 17:13:54,204.6,m,118.9,122.1,
T00586,M0017,OP0024,ST015,Grading,CANCELLED,2025-04-20 12:59:00,2025-04-20 15:18:18,3463.2,m2,139.3,,
T00587,M0013,OP0021,ST007,Trenching,IN_PROGRESS,2025-05-13 11:45:00,2025-05-13 12:27:36,73.9,m,42.6,19.2,
T00588,M0040,OP0038,ST002,Soil Compaction,IN_PROGRESS,2025-02-13 06:29:00,2025-02-13 08:14:54,1389.3,m2,105.9,65.9,
T00589,M0030,OP0032,ST009,Earth Excavation,COMPLETED,2025-01-07 11:33:00,2025-01-07 15:41:12,1025.9,m3,248.2,388.0,0.64
T00590,M0035,OP0050,ST013,Grading,COMPLETED,2025-08-28 08:31:00,2025-08-28 10:58:30,3703.9,m2,147.5,197.7,0.746
T00591,M0023,OP0017,ST009,Material Loading,COMPLETED,2025-06-09 10:04:00,2025-06-09 17:54:36,2070.4,tons,470.6,1641.1,0.287
T00592,M0027,OP0031,ST015,Earth Excavation,DELAYED,2025-08-16 08:08:00,2025-08-16 10:07:54,427.7,m3,119.9,229.8,
T00593,M0040,OP0037,ST002,Material Loading,COMPLETED,2025-01-09 09:10:00,2025-01-09 11:25:12,581.8,tons,135.2,149.3,0.906
T00594,M0036,OP0041,ST006,Hauling,IN_PROGRESS,2025-02-16 15:51:00,2025-02-17 01:05:36,591.5,tons,554.6,413.4,
T00595,M0012,OP0054,ST002,Grading,SCHEDULED,2025-06-12 06:39:00,2025-06-12 08:16:18,1080.0,m2,97.3,,
T00596,M0034,OP0007,ST014,Material Stockpiling,DELAYED,2025-08-16 11:14:00,2025-08-17 02:04:24,1738.2,tons,890.4,1994.9,
T00597,M0022,OP0027,ST002,Grading,SCHEDULED,2025-01-28 07:35:00,2025-01-28 17:25:48,5479.6,m2,590.8,,
T00598,M0036,OP0025,ST006,Road Preparation,COMPLETED,2025-06-09 14:34:00,2025-06-09 20:26:00,4962.6,m2,352.0,431.0,0.817
T00599,M0022,OP0002,ST002,Hauling,CANCELLED,2025-01-08 14:56:00,2025-01-08 15:31:24,121.0,tons,35.4,,
T00600,M0018,OP0008,ST014,Demolition,COMPLETED,2025-01-15 07:10:00,2025-01-15 15:31:30,977.5,m3,501.5,986.0,0.509
T00601,M0011,OP0030,ST003,Earth Excavation,SCHEDULED,2025-08-06 13:18:00,2025-08-06 20:22:00,898.5,m3,424.0,,
T00602,M0038,OP0004,ST004,Demolition,COMPLETED,2025-02-06 11:44:00,2025-02-06 18:35:30,1192.6,m3,411.5,524.5,0.785
T00603,M0025,OP0050,ST011,Material Stockpiling,COMPLETED,2025-01-20 08:17:00,2025-01-20 13:39:06,1841.6,tons,322.1,410.4,0.785
T00604,M0022,OP0005,ST002,Hauling,CANCELLED,2025-05-04 12:11:00,2025-05-04 19:07:00,971.2,tons,416.0,,
T00605,M0029,OP0012,ST010,Material Stockpiling,DELAYED,2025-01-18 13:07:00,2025-01-18 19:43:18,1880.8,tons,396.3,571.8,
T00606,M0029,OP0004,ST010,Material Stockpiling,DELAYED,2025-05-30 15:43:00,2025-05-30 16:56:06,394.6,tons,73.1,81.2,
T00607,M0018,OP0040,ST014,Trenching,COMPLETED,2025-04-16 13:34:00,2025-04-16 18:07:12,468.5,m,273.2,308.5,0.886
T00608,M0022,OP0046,ST002,Grading,DELAYED,2025-04-05 12:03:00,2025-04-05 13:42:30,874.1,m2,99.5,140.4,
T00609,M0014,OP0042,ST013,Soil Compaction,SCHEDULED,2025-03-26 06:03:00,2025-03-26 06:22:54,302.9,m2,19.9,,
T00610,M0033,OP0033,ST001,Road Preparation,COMPLETED,2025-09-04 08:00:00,2025-09-04 13:48:12,5828.4,m2,348.2,532.1,0.654
T00611,M0002,OP0006,ST007,Material Loading,IN_PROGRESS,2025-05-17 08:42:00,2025-05-17 16:59:00,2408.9,tons,497.0,326.2,
T00612,M0016,OP0046,ST006,Road Preparation,COMPLETED,2025-07-09 13:43:00,2025-07-09 15:05:30,868.4,m2,82.5,96.9,0.851
T00613,M0027,OP0011,ST015,Demolition,COMPLETED,2025-03-16 10:35:00,2025-03-16 21:28:00,1193.2,m3,653.0,1198.3,0.545
T00614,M0033,OP0023,ST001,Road Preparation,COMPLETED,2025-07-10 08:50:00,2025-07-10 10:03:24,805.3,m2,73.4,133.9,0.548
T00615,M0013,OP0051,ST007,Trenching,COMPLETED,2025-05-18 15:38:00,2025-05-18 17:57:36,282.8,m,139.6,148.3,0.941
T00616,M0015,OP0054,ST001,Earth Excavation,COMPLETED,2025-09-02 06:24:00,2025-09-02 08:53:36,528.9,m3,149.6,194.7,0.768
T00617,M0023,OP0043,ST009,Material Stockpiling,COMPLETED,2025-04-22 11:26:00,2025-04-22 15:17:18,1314.7,tons,231.3,259.9,0.89
T00618,M0017,OP0049,ST015,Road Preparation,IN_PROGRESS,2025-06-18 08:31:00,2025-06-18 09:38:42,866.2,m2,67.7,28.4,
T00619,M0015,OP0054,ST001,Material Loading,CANCELLED,2025-05-01 10:07:00,2025-05-01 14:11:12,1007.3,tons,244.2,,
T00620,M0034,OP0026,ST014,Material Loading,SCHEDULED,2025-04-04 11:40:00,2025-04-04 12:13:00,133.5,tons,33.0,,
T00621,M0007,OP0001,ST012,Road Preparation,COMPLETED,2025-01-11 07:35:00,2025-01-11 09:42:06,2056.9,m2,127.1,115.3,1.102
T00622,M0037,OP0011,ST005,Road Preparation,COMPLETED,2025-08-01 15:36:00,2025-08-01 23:40:48,5213.7,m2,484.8,836.2,0.58
T00623,M0017,OP0039,ST015,Road Preparation,CANCELLED,2025-09-04 15:29:00,2025-09-04 20:20:24,4093.3,m2,291.4,,
T00624,M0006,OP0003,ST010,Trenching,CANCELLED,2025-07-18 08:23:00,2025-07-18 10:52:42,257.0,m,149.7,,
T00625,M0009,OP0047,ST004,Material Loading,DELAYED,2025-05-12 11:01:00,2025-05-12 12:39:36,496.2,tons,98.6,122.7,
T00626,M0022,OP0003,ST002,Material Loading,COMPLETED,2025-03-24 07:01:00,2025-03-24 17:52:24,1427.7,tons,651.4,823.8,0.791
T00627,M0040,OP0002,ST002,Material Stockpiling,CANCELLED,2025-02-13 08:28:00,2025-02-13 14:11:30,1875.9,tons,343.5,,
T00628,M0014,OP0036,ST013,Material Stockpiling,CANCELLED,2025-05-15 06:42:00,2025-05-15 13:47:24,1275.3,tons,425.4,,
T00629,M0031,OP0011,ST002,Material Stockpiling,IN_PROGRESS,2025-09-25 14:50:00,2025-09-26 00:20:12,1987.6,tons,570.2,132.2,
T00630,M0018,OP0019,ST014,Trenching,CANCELLED,2025-07-30 15:44:00,2025-07-30 21:55:00,485.8,m,371.0,,
T00631,M0027,OP0018,ST015,Earth Excavation,COMPLETED,2025-04-06 12:06:00,2025-04-06 16:03:12,795.8,m3,237.2,733.0,0.324
T00632,M0005,OP0031,ST003,Demolition,IN_PROGRESS,2025-04-15 11:51:00,2025-04-16 02:10:24,992.4,m3,859.4,389.1,
T00633,M0033,OP0031,ST001,Road Preparation,COMPLETED,2025-07-03 11:27:00,2025-07-03 14:26:30,2403.3,m2,179.5,286.3,0.627
T00634,M0026,OP0043,ST015,Road Preparation,DELAYED,2025-09-25 13:20:00,2025-09-25 18:07:48,4498.0,m2,287.8,335.5,
T00635,M0037,OP0015,ST005,Road Preparation,COMPLETED,2025-01-02 14:18:00,2025-01-02 17:55:30,2245.3,m2,217.5,355.8,0.611
T00636,M0021,OP0044,ST014,Material Stockpiling,IN_PROGRESS,2025-02-19 06:18:00,2025-02-19 16:30:06,1533.3,tons,612.1,181.0,
T00637,M0040,OP0046,ST002,Material Loading,DELAYED,2025-01-30 14:57:00,2025-01-30 16:42:06,339.6,tons,105.1,145.9,
T00638,M0004,OP0033,ST007,Grading,SCHEDULED,2025-06-15 06:06:00,2025-06-15 09:38:48,5236.4,m2,212.8,,
T00639,M0014,OP0047,ST013,Hauling,COMPLETED,2025-04-05 06:38:00,2025-04-05 14:18:24,1614.8,tons,460.4,866.1,0.532
T00640,M0026,OP0015,ST015,Road Preparation,IN_PROGRESS,2025-05-04 11:40:00,2025-05-04 12:18:48,396.1,m2,38.8,27.2,
T00641,M0023,OP0002,ST009,Material Loading,COMPLETED,2025-05-07 08:37:00,2025-05-07 14:50:30,1868.4,tons,373.5,599.9,0.623
T00642,M0023,OP0050,ST009,Material Stockpiling,CANCELLED,2025-09-06 08:50:00,2025-09-06 12:30:18,1235.8,tons,220.3,,
T00643,M0029,OP0019,ST010,Material Stockpiling,DELAYED,2025-04-09 10:57:00,2025-04-09 19:04:06,1789.1,tons,487.1,3091.1,
T00644,M0033,OP0046,ST001,Earth Excavation,DELAYED,2025-04-27 08:49:00,2025-04-27 16:17:30,662.9,m3,448.5,668.3,
T00645,M0034,OP0012,ST014,Earth Excavation,COMPLETED,2025-03-07 07:37:00,2025-03-07 13:39:30,1222.8,m3,362.5,356.2,1.018
T00646,M0017,OP0026,ST015,Grading,SCHEDULED,2025-02-10 11:01:00,2025-02-10 13:59:12,3587.4,m2,178.2,,
T00647,M0025,OP0004,ST011,Material Stockpiling,DELAYED,2025-03-18 07:32:00,2025-03-18 09:49:00,756.6,tons,137.0,139.7,
T00648,M0009,OP0035,ST004,Trenching,COMPLETED,2025-01-29 09:41:00,2025-01-29 11:23:12,202.5,m,102.2,117.5,0.87
T00649,M0004,OP0053,ST007,Grading,DELAYED,2025-05-15 15:49:00,2025-05-15 20:04:24,5238.9,m2,255.4,307.0,
T00650,M0030,OP0007,ST009,Road Preparation,COMPLETED,2025-06-20 08:10:00,2025-06-20 23:11:18,5670.6,m2,901.3,943.9,0.955
T00651,M0021,OP0034,ST014,Demolition,IN_PROGRESS,2025-08-13 15:05:00,2025-08-13 17:39:36,207.0,m3,154.6,207.7,
T00652,M0009,OP0001,ST004,Trenching,COMPLETED,2025-04-19 10:20:00,2025-04-19 11:16:12,110.0,m,56.2,64.3,0.874
T00653,M0017,OP0011,ST015,Grading,COMPLETED,2025-06-26 14:37:00,2025-06-26 20:25:06,5680.6,m2,348.1,365.2,0.953
T00654,M0030,OP0010,ST009,Demolition,COMPLETED,2025-08-10 12:01:00,2025-08-10 15:06:00,460.9,m3,185.0,316.2,0.585
T00655,M0036,OP0009,ST006,Demolition,CANCELLED,2025-03-03 09:27:00,2025-03-03 15:38:00,671.4,m3,371.0,,
T00656,M0001,OP0010,ST007,Trenching,COMPLETED,2025-04-14 10:24:00,2025-04-14 15:25:18,528.3,m,301.3,321.8,0.936
T00657,M0006,OP0033,ST010,Trenching,DELAYED,2025-09-07 13:40:00,2025-09-07 15:01:42,158.4,m,81.7,145.1,
T00658,M0004,OP0036,ST007,Road Preparation,CANCELLED,2025-05-04 07:35:00,2025-05-04 11:25:54,3196.8,m2,230.9,,
T00659,M0032,OP0029,ST008,Demolition,IN_PROGRESS,2025-04-13 13:19:00,2025-04-13 19:48:24,746.7,m3,389.4,249.3,
T00660,M0012,OP0016,ST002,Hauling,IN_PROGRESS,2025-07-26 11:41:00,2025-07-26 14:06:48,323.5,tons,145.8,134.5,
T00661,M0039,OP0003,ST003,Trenching,IN_PROGRESS,2025-06-22 08:40:00,2025-06-22 13:32:24,522.6,m,292.4,153.2,
T00662,M0020,OP0024,ST015,Trenching,COMPLETED,2025-08-02 09:46:00,2025-08-02 13:22:48,432.8,m,216.8,262.8,0.825
T00663,M0042,OP0040,ST011,Material Loading,COMPLETED,2025-01-25 06:25:00,2025-01-25 13:28:36,929.7,tons,423.6,464.9,0.911
T00664,M0013,OP0028,ST007,Trenching,COMPLETED,2025-06-22 11:21:00,2025-06-22 14:38:48,344.4,m,197.8,314.9,0.628
T00665,M0025,OP0019,ST011,Material Loading,IN_PROGRESS,2025-03-19 14:30:00,2025-03-20 00:35:24,1907.1,tons,605.4,175.0,
T00666,M0019,OP0027,ST002,Trenching,SCHEDULED,2025-01-19 11:28:00,2025-01-19 19:00:06,578.7,m,452.1,,
T00667,M0003,OP0053,ST013,Material Stockpiling,SCHEDULED,2025-07-31 12:56:00,2025-07-31 14:07:54,356.0,tons,71.9,,
T00668,M0016,OP0019,ST006,Soil Compaction,COMPLETED,2025-04-12 12:32:00,2025-04-12 14:57:54,3111.5,m2,145.9,202.0,0.722
T00669,M0029,OP0051,ST010,Material Stockpiling,SCHEDULED,2025-06-30 08:25:00,2025-06-30 10:29:06,706.9,tons,124.1,,
T00670,M0004,OP0012,ST007,Grading,COMPLETED,2025-05-22 15:21:00,2025-05-22 17:11:06,2268.3,m2,110.1,94.9,1.16
T00671,M0024,OP0004,ST004,Material Loading,SCHEDULED,2025-09-21 12:38:00,2025-09-21 19:36:42,2008.4,tons,418.7,,
T00672,M0030,OP0027,ST009,Soil Compaction,SCHEDULED,2025-03-28 10:59:00,2025-03-28 18:00:30,4490.0,m2,421.5,,
T00673,M0029,OP0010,ST010,Material Stockpiling,DELAYED,2025-07-23 07:39:00,2025-07-23 14:57:36,2107.5,tons,438.6,624.8,
T00674,M0024,OP0029,ST004,Material Loading,SCHEDULED,2025-05-20 14:27:00,2025-05-20 17:43:18,635.1,tons,196.3,,
T00675,M0004,OP0026,ST007,Grading,CANCELLED,2025-01-04 09:18:00,2025-01-04 10:19:54,1209.4,m2,61.9,,
T00676,M0001,OP0028,ST007,Earth Excavation,IN_PROGRESS,2025-08-20 15:56:00,2025-08-20 20:49:00,1042.8,m3,293.0,116.6,
T00677,M0020,OP0034,ST015,Trenching,COMPLETED,2025-04-12 11:56:00,2025-04-12 13:34:24,166.4,m,98.4,124.5,0.79
T00678,M0042,OP0051,ST011,Road Preparation,CANCELLED,2025-01-25 14:23:00,2025-01-25 19:19:48,4892.6,m2,296.8,,
T00679,M0027,OP0037,ST015,Demolition,COMPLETED,2025-03-22 10:15:00,2025-03-22 14:58:30,695.4,m3,283.5,449.9,0.63
T00680,M0032,OP0034,ST008,Material Stockpiling,SCHEDULED,2025-02-04 08:57:00,2025-02-04 15:42:36,1940.0,tons,405.6,,
T00681,M0027,OP0014,ST015,Trenching,COMPLETED,2025-05-04 12:31:00,2025-05-04 16:20:24,460.3,m,229.4,467.0,0.491
T00682,M0003,OP0034,ST013,Trenching,COMPLETED,2025-01-25 06:40:00,2025-01-25 14:47:06,483.8,m,487.1,418.1,1.165
T00683,M0003,OP0046,ST013,Soil Compaction,COMPLETED,2025-01-17 11:54:00,2025-01-17 15:49:18,2677.0,m2,235.3,249.8,0.942
T00684,M0011,OP0030,ST003,Trenching,COMPLETED,2025-04-03 06:00:00,2025-04-03 09:10:42,336.0,m,190.7,342.3,0.557
T00685,M0031,OP0024,ST002,Material Loading,COMPLETED,2025-05-04 07:33:00,2025-05-04 10:23:54,849.9,tons,170.9,339.9,0.503
T00686,M0007,OP0040,ST012,Trenching,COMPLETED,2025-05-24 11:41:00,2025-05-24 16:15:42,244.0,m,274.7,893.2,0.308
T00687,M0042,OP0026,ST011,Demolition,COMPLETED,2025-08-01 14:26:00,2025-08-01 23:42:18,1371.8,m3,556.3,614.8,0.905
T00688,M0014,OP0053,ST013,Hauling,COMPLETED,2025-07-04 13:33:00,2025-07-04 17:25:18,673.3,tons,232.3,569.0,0.408
T00689,M0012,OP0008,ST002,Hauling,SCHEDULED,2025-02-16 15:43:00,2025-02-17 04:57:18,1802.7,tons,794.3,,
T00690,M0013,OP0004,ST007,Trenching,CANCELLED,2025-05-20 13:05:00,2025-05-20 16:19:18,398.2,m,194.3,,
T00691,M0029,OP0031,ST010,Demolition,DELAYED,2025-03-07 14:23:00,2025-03-07 23:08:12,1273.7,m3,525.2,652.1,
T00692,M0040,OP0016,ST002,Material Stockpiling,CANCELLED,2025-06-02 07:16:00,2025-06-02 13:23:54,1376.4,tons,367.9,,
T00693,M0028,OP0049,ST012,Trenching,DELAYED,2025-01-12 10:05:00,2025-01-12 16:11:00,594.8,m,366.0,482.5,
T00694,M0012,OP0043,ST002,Earth Excavation,COMPLETED,2025-09-13 15:42:00,2025-09-14 01:30:42,1211.1,m3,588.7,553.6,1.063
T00695,M0020,OP0031,ST015,Trenching,DELAYED,2025-05-13 13:02:00,2025-05-13 18:37:24,567.1,m,335.4,355.3,
T00696,M0025,OP0019,ST011,Material Loading,COMPLETED,2025-02-26 11:12:00,2025-02-26 17:37:42,1172.6,tons,385.7,523.2,0.737
T00697,M0004,OP0055,ST007,Road Preparation,SCHEDULED,2025-09-10 06:50:00,2025-09-10 09:46:00,2395.4,m2,176.0,,
T00698,M0007,OP0009,ST012,Grading,COMPLETED,2025-02-14 13:04:00,2025-02-14 20:17:12,4315.1,m2,433.2,461.9,0.938
T00699,M0008,OP0050,ST008,Material Loading,COMPLETED,2025-02-06 15:12:00,2025-02-06 21:54:24,1940.4,tons,402.4,416.1,0.967
T00700,M0025,OP0014,ST011,Material Stockpiling,COMPLETED,2025-03-29 12:15:00,2025-03-29 14:53:36,880.7,tons,158.6,268.1,0.592
T00701,M0022,OP0027,ST002,Earth Excavation,SCHEDULED,2025-07-05 12:05:00,2025-07-06 02:24:42,1146.6,m3,859.7,,
T00702,M0002,OP0036,ST007,Road Preparation,COMPLETED,2025-01-29 09:49:00,2025-01-29 18:57:36,4808.1,m2,548.6,576.0,0.952
T00703,M0030,OP0049,ST009,Demolition,DELAYED,2025-06-24 15:25:00,2025-06-24 19:59:30,651.2,m3,274.5,426.7,
T00704,M0029,OP0039,ST010,Material Stockpiling,COMPLETED,2025-01-25 11:42:00,2025-01-25 15:01:24,969.0,tons,199.4,329.5,0.605
T00705,M0007,OP0005,ST012,Material Loading,CANCELLED,2025-05-06 11:46:00,2025-05-07 04:15:30,1472.6,tons,989.5,,
T00706,M0002,OP0008,ST007,Material Stockpiling,COMPLETED,2025-06-03 09:19:00,2025-06-03 13:02:36,818.1,tons,223.6,397.8,0.562
T00707,M0022,OP0036,ST002,Hauling,COMPLETED,2025-03-08 06:52:00,2025-03-08 08:48:00,337.5,tons,116.0,133.6,0.868
T00708,M0036,OP0044,ST006,Road Preparation,COMPLETED,2025-01-04 07:42:00,2025-01-04 15:21:30,5923.2,m2,459.5,451.7,1.017
T00709,M0022,OP0016,ST002,Trenching,COMPLETED,2025-06-20 15:28:00,2025-06-21 02:53:00,550.7,m,685.0,1135.2,0.603
T00710,M0014,OP0040,ST013,Hauling,COMPLETED,2025-01-02 14:02:00,2025-01-02 16:40:12,471.3,tons,158.2,158.0,1.001
T00711,M0041,OP0043,ST008,Trenching,IN_PROGRESS,2025-04-18 06:36:00,2025-04-18 07:02:54,55.0,m,26.9,13.8,
T00712,M0001,OP0002,ST007,Material Loading,COMPLETED,2025-06-29 07:12:00,2025-06-29 07:57:36,222.4,tons,45.6,47.5,0.96
T00713,M0036,OP0011,ST006,Demolition,DELAYED,2025-05-17 14:04:00,2025-05-17 20:46:54,739.5,m3,402.9,583.0,
T00714,M0033,OP0019,ST001,Road Preparation,CANCELLED,2025-02-22 13:47:00,2025-02-22 15:50:18,1291.4,m2,123.3,,
T00715,M0022,OP0006,ST002,Hauling,SCHEDULED,2025-07-14 08:46:00,2025-07-14 12:25:42,738.6,tons,219.7,,
T00716,M0021,OP0030,ST014,Grading,DELAYED,2025-02-04 09:40:00,2025-02-04 10:57:36,1623.2,m2,77.6,100.3,
T00717,M0042,OP0021,ST011,Road Preparation,SCHEDULED,2025-03-22 10:45:00,2025-03-22 17:14:54,5390.2,m2,389.9,,
T00718,M0022,OP0052,ST002,Hauling,SCHEDULED,2025-08-08 15:01:00,2025-08-08 19:14:12,562.1,tons,253.2,,
T00719,M0041,OP0044,ST008,Trenching,COMPLETED,2025-09-22 14:47:00,2025-09-22 19:01:42,410.9,m,254.7,290.9,0.876
T00720,M0013,OP0020,ST007,Road Preparation,DELAYED,2025-01-31 10:37:00,2025-01-31 12:47:36,852.7,m2,130.6,132.6,
T00721,M0007,OP0007,ST012,Road Preparation,IN_PROGRESS,2025-01-07 08:29:00,2025-01-07 15:40:00,4605.9,m2,431.0,172.3,
T00722,M0010,OP0017,ST012,Hauling,COMPLETED,2025-06-20 11:42:00,2025-06-20 22:07:54,1803.9,tons,625.9,1601.0,0.391
T00723,M0005,OP0033,ST003,Soil Compaction,COMPLETED,2025-08-19 12:00:00,2025-08-19 14:08:00,1982.2,m2,128.0,210.8,0.607
T00724,M0034,OP0037,ST014,Trenching,COMPLETED,2025-09-01 13:43:00,2025-09-01 15:15:48,166.2,m,92.8,86.8,1.069
T00725,M0016,OP0051,ST006,Road Preparation,COMPLETED,2025-08-01 11:39:00,2025-08-01 16:49:36,4836.1,m2,310.6,364.6,0.852
T00726,M0008,OP0013,ST008,Trenching,COMPLETED,2025-04-06 10:20:00,2025-04-06 15:22:54,508.0,m,302.9,295.7,1.024
T00727,M0041,OP0031,ST008,Road Preparation,COMPLETED,2025-04-19 14:23:00,2025-04-19 20:26:00,2339.1,m2,363.0,476.5,0.762
T00728,M0008,OP0022,ST008,Material Loading,IN_PROGRESS,2025-03-23 13:15:00,2025-03-23 15:14:24,522.4,tons,119.4,72.6,
T00729,M0012,OP0019,ST002,Hauling,COMPLETED,2025-09-06 09:42:00,2025-09-06 16:45:00,952.8,tons,423.0,1094.8,0.386
T00730,M0027,OP0023,ST015,Demolition,COMPLETED,2025-06-20 08:08:00,2025-06-20 13:42:42,671.7,m3,334.7,439.7,0.761
T00731,M0031,OP0054,ST002,Material Loading,COMPLETED,2025-03-02 14:53:00,2025-03-02 22:14:42,1915.0,tons,441.7,512.2,0.862
T00732,M0023,OP0045,ST009,Grading,CANCELLED,2025-01-31 07:58:00,2025-01-31 13:02:30,3177.3,m2,304.5,,
T00733,M0014,OP0034,ST013,Hauling,COMPLETED,2025-07-03 12:09:00,2025-07-03 13:47:42,282.9,tons,98.7,118.2,0.835
T00734,M0002,OP0053,ST007,Material Stockpiling,IN_PROGRESS,2025-04-29 10:48:00,2025-04-29 19:18:06,2419.0,tons,510.1,362.2,
T00735,M0029,OP0031,ST010,Material Stockpiling,COMPLETED,2025-04-18 08:14:00,2025-04-18 14:13:18,1725.6,tons,359.3,556.4,0.646
T00736,M0034,OP0050,ST014,Trenching,COMPLETED,2025-09-18 06:28:00,2025-09-18 07:02:54,69.0,m,34.9,37.7,0.926
T00737,M0037,OP0004,ST005,Road Preparation,DELAYED,2025-03-25 14:04:00,2025-03-25 16:22:24,2202.8,m2,138.4,195.3,
T00738,M0034,OP0013,ST014,Trenching,IN_PROGRESS,2025-08-29 09:34:00,2025-08-29 13:40:12,431.9,m,246.2,74.2,
T00739,M0002,OP0022,ST007,Material Loading,CANCELLED,2025-03-15 11:18:00,2025-03-15 16:16:24,1265.6,tons,298.4,,
T00740,M0011,OP0044,ST003,Trenching,COMPLETED,2025-05-31 06:06:00,2025-05-31 11:37:30,519.4,m,331.5,350.3,0.946
T00741,M0007,OP0044,ST012,Soil Compaction,CANCELLED,2025-08-05 07:03:00,2025-08-05 09:30:54,3939.8,m2,147.9,,
T00742,M0018,OP0026,ST014,Earth Excavation,COMPLETED,2025-03-11 10:35:00,2025-03-11 11:11:18,117.3,m3,36.3,52.7,0.689
T00743,M0021,OP0007,ST014,Road Preparation,SCHEDULED,2025-01-15 07:11:00,2025-01-15 14:44:06,4796.6,m2,453.1,,
T00744,M0035,OP0050,ST013,Road Preparation,IN_PROGRESS,2025-07-18 09:19:00,2025-07-18 13:07:12,3634.1,m2,228.2,135.9,
T00745,M0013,OP0022,ST007,Material Stockpiling,CANCELLED,2025-07-15 08:07:00,2025-07-15 21:14:06,2441.0,tons,787.1,,
T00746,M0021,OP0029,ST014,Demolition,CANCELLED,2025-06-02 08:13:00,2025-06-02 18:57:00,573.3,m3,644.0,,
T00747,M0010,OP0024,ST012,Hauling,IN_PROGRESS,2025-06-05 08:36:00,2025-06-05 13:37:00,1014.9,tons,301.0,170.1,
T00748,M0019,OP0025,ST002,Trenching,COMPLETED,2025-06-05 15:34:00,2025-06-05 20:26:54,518.5,m,292.9,431.7,0.678
T00749,M0042,OP0024,ST011,Material Stockpiling,COMPLETED,2025-01-15 10:34:00,2025-01-15 13:05:12,861.6,tons,151.2,231.1,0.654
T00750,M0017,OP0002,ST015,Road Preparation,COMPLETED,2025-08-05 11:16:00,2025-08-05 12:38:24,1282.2,m2,82.4,82.7,0.996
T00751,M0006,OP0046,ST010,Trenching,COMPLETED,2025-03-19 10:14:00,2025-03-19 14:24:54,339.6,m,250.9,275.8,0.91
T00752,M0037,OP0034,ST005,Road Preparation,IN_PROGRESS,2025-03-30 10:37:00,2025-03-30 15:56:18,4344.1,m2,319.3,137.2,
T00753,M0026,OP0014,ST015,Hauling,CANCELLED,2025-02-06 11:54:00,2025-02-07 01:13:48,1276.4,tons,799.8,,
T00754,M0023,OP0016,ST009,Trenching,CANCELLED,2025-07-12 06:43:00,2025-07-12 13:54:54,335.2,m,431.9,,
T00755,M0031,OP0037,ST002,Material Stockpiling,DELAYED,2025-08-04 06:13:00,2025-08-04 10:03:12,1138.8,tons,230.2,459.9,
T00756,M0023,OP0027,ST009,Material Loading,SCHEDULED,2025-05-07 14:09:00,2025-05-08 00:24:00,1976.4,tons,615.0,,
T00757,M0021,OP0054,ST014,Trenching,COMPLETED,2025-02-23 09:21:00,2025-02-23 20:58:06,530.2,m,697.1,724.7,0.962
T00758,M0037,OP0051,ST005,Material Loading,DELAYED,2025-07-21 08:54:00,2025-07-21 17:01:54,1404.8,tons,487.9,781.5,
T00759,M0031,OP0011,ST002,Demolition,COMPLETED,2025-06-26 12:02:00,2025-06-26 21:42:00,553.3,m3,580.0,1156.3,0.502
T00760,M0008,OP0020,ST008,Earth Excavation,COMPLETED,2025-05-06 14:02:00,2025-05-06 19:00:42,791.5,m3,298.7,416.2,0.718
T00761,M0002,OP0042,ST007,Material Loading,COMPLETED,2025-03-03 09:19:00,2025-03-03 18:01:54,2099.5,tons,522.9,611.8,0.855
T00762,M0028,OP0004,ST012,Earth Excavation,COMPLETED,2025-03-17 07:21:00,2025-03-17 09:46:00,597.3,m3,145.0,166.2,0.872
T00763,M0016,OP0002,ST006,Road Preparation,COMPLETED,2025-02-19 08:09:00,2025-02-19 09:27:54,1318.6,m2,78.9,125.4,0.629
T00764,M0025,OP0017,ST011,Road Preparation,IN_PROGRESS,2025-04-06 14:32:00,2025-04-06 23:41:12,4740.5,m2,549.2,343.7,
T00765,M0035,OP0008,ST013,Hauling,COMPLETED,2025-05-05 14:06:00,2025-05-07 01:24:30,2356.6,tons,2118.5,5338.6,0.397
T00766,M0038,OP0026,ST004,Road Preparation,DELAYED,2025-06-13 10:43:00,2025-06-13 16:48:30,4707.2,m2,365.5,495.0,
T00767,M0025,OP0050,ST011,Material Stockpiling,CANCELLED,2025-08-21 09:50:00,2025-08-21 12:23:24,833.6,tons,153.4,,
T00768,M0036,OP0012,ST006,Demolition,CANCELLED,2025-03-05 11:10:00,2025-03-05 13:09:12,301.3,m3,119.2,,
T00769,M0042,OP0048,ST011,Material Stockpiling,COMPLETED,2025-09-01 10:24:00,2025-09-01 14:28:00,1127.4,tons,244.0,379.5,0.643
T00770,M0026,OP0055,ST015,Road Preparation,SCHEDULED,2025-01-30 08:29:00,2025-01-30 09:56:42,1208.9,m2,87.7,,
T00771,M0017,OP0026,ST015,Hauling,COMPLETED,2025-09-07 09:55:00,2025-09-07 12:05:24,192.8,tons,130.4,180.2,0.724
T00772,M0025,OP0046,ST011,Material Stockpiling,IN_PROGRESS,2025-03-23 06:04:00,2025-03-23 10:50:54,1050.6,tons,286.9,262.1,
T00773,M0015,OP0040,ST001,Material Loading,DELAYED,2025-03-27 11:37:00,2025-03-27 18:05:00,1628.6,tons,388.0,638.1,
T00774,M0033,OP0011,ST001,Grading,CANCELLED,2025-06-18 11:11:00,2025-06-18 14:19:00,3074.7,m2,188.0,,
T00775,M0038,OP0035,ST004,Material Stockpiling,COMPLETED,2025-04-07 14:34:00,2025-04-07 16:57:36,816.6,tons,143.6,495.2,0.29
T00776,M0035,OP0027,ST013,Road Preparation,CANCELLED,2025-07-09 11:37:00,2025-07-09 13:47:06,1436.3,m2,130.1,,
T00777,M0037,OP0016,ST005,Road Preparation,IN_PROGRESS,2025-07-08 09:02:00,2025-07-08 11:07:48,1354.4,m2,125.8,115.0,
T00778,M0032,OP0003,ST008,Earth Excavation,CANCELLED,2025-02-04 12:52:00,2025-02-04 14:12:36,138.9,m3,80.6,,
T00779,M0013,OP0049,ST007,Trenching,COMPLETED,2025-06-18 09:28:00,2025-06-18 10:05:00,58.2,m,37.0,40.5,0.914
T00780,M0017,OP0002,ST015,Road Preparation,IN_PROGRESS,2025-01-03 06:46:00,2025-01-03 12:18:54,5385.8,m2,332.9,232.0,
T00781,M0031,OP0039,ST002,Material Stockpiling,DELAYED,2025-01-13 13:37:00,2025-01-13 18:32:30,1389.9,tons,295.5,488.9,
T00782,M0008,OP0034,ST008,Earth Excavation,IN_PROGRESS,2025-03-13 10:22:00,2025-03-13 13:47:54,690.9,m3,205.9,138.4,
T00783,M0006,OP0004,ST010,Trenching,COMPLETED,2025-05-24 15:58:00,2025-05-24 17:25:24,170.2,m,87.4,83.1,1.052
T00784,M0002,OP0016,ST007,Demolition,COMPLETED,2025-07-06 08:59:00,2025-07-07 00:53:12,842.9,m3,954.2,983.4,0.97
T00785,M0034,OP0027,ST014,Road Preparation,CANCELLED,2025-08-24 11:56:00,2025-08-24 14:00:48,579.2,m2,124.8,,
T00786,M0017,OP0039,ST015,Trenching,IN_PROGRESS,2025-05-14 12:20:00,2025-05-14 22:46:18,514.8,m,626.3,148.9,
T00787,M0033,OP0040,ST001,Grading,COMPLETED,2025-08-08 12:18:00,2025-08-08 13:44:54,1778.9,m2,86.9,103.1,0.843
T00788,M0001,OP0005,ST007,Road Preparation,IN_PROGRESS,2025-03-09 12:22:00,2025-03-10 02:14:54,4424.3,m2,832.9,407.6,
T00789,M0007,OP0049,ST012,Soil Compaction,COMPLETED,2025-04-04 08:14:00,2025-04-04 11:10:48,4736.1,m2,176.8,210.4,0.84
T00790,M0018,OP0030,ST014,Earth Excavation,SCHEDULED,2025-08-29 12:23:00,2025-08-29 12:59:12,127.4,m3,36.2,,
T00791,M0035,OP0021,ST013,Soil Compaction,CANCELLED,2025-09-29 13:44:00,2025-09-29 20:18:42,5669.4,m2,394.7,,
T00792,M0001,OP0004,ST007,Earth Excavation,CANCELLED,2025-06-19 11:03:00,2025-06-19 13:06:36,513.3,m3,123.6,,
T00793,M0012,OP0032,ST002,Hauling,CANCELLED,2025-08-17 10:09:00,2025-08-17 11:55:48,370.3,tons,106.8,,
T00794,M0016,OP0006,ST006,Soil Compaction,SCHEDULED,2025-03-23 15:21:00,2025-03-23 17:53:24,5006.1,m2,152.4,,
T00795,M0009,OP0047,ST004,Trenching,COMPLETED,2025-01-20 15:18:00,2025-01-20 17:35:18,266.5,m,137.3,156.6,0.877
T00796,M0028,OP0014,ST012,Soil Compaction,COMPLETED,2025-09-18 15:57:00,2025-09-18 18:06:54,2485.6,m2,129.9,151.6,0.857
T00797,M0036,OP0009,ST006,Demolition,CANCELLED,2025-08-23 14:59:00,2025-08-24 01:33:12,1163.1,m3,634.2,,
T00798,M0018,OP0051,ST014,Earth Excavation,COMPLETED,2025-01-19 07:23:00,2025-01-19 09:35:18,549.2,m3,132.3,466.4,0.284
T00799,M0003,OP0012,ST013,Road Preparation,COMPLETED,2025-06-11 11:35:00,2025-06-11 14:29:12,2346.0,m2,174.2,172.5,1.01
T00800,M0023,OP0045,ST009,Material Loading,COMPLETED,2025-03-17 14:34:00,2025-03-18 00:19:00,1849.5,tons,585.0,553.3,1.057
T00801,M0008,OP0048,ST008,Material Loading,COMPLETED,2025-05-02 07:28:00,2025-05-02 13:01:00,1421.9,tons,333.0,394.3,0.845
T00802,M0011,OP0054,ST003,Grading,IN_PROGRESS,2025-09-07 12:01:00,2025-09-07 12:34:24,357.3,m2,33.4,8.8,
T00803,M0001,OP0055,ST007,Demolition,DELAYED,2025-02-24 08:23:00,2025-02-24 09:37:30,181.9,m3,74.5,73.6,
T00804,M0027,OP0044,ST015,Earth Excavation,COMPLETED,2025-01-27 11:36:00,2025-01-27 14:58:54,641.3,m3,202.9,259.7,0.781
T00805,M0002,OP0024,ST007,Material Stockpiling,DELAYED,2025-04-01 12:44:00,2025-04-01 13:16:24,183.4,tons,32.4,57.1,
T00806,M0039,OP0016,ST003,Material Loading,COMPLETED,2025-05-27 06:16:00,2025-05-27 10:08:48,738.0,tons,232.8,276.7,0.841
T00807,M0017,OP0020,ST015,Road Preparation,COMPLETED,2025-02-24 08:04:00,2025-02-24 13:22:42,3280.9,m2,318.7,377.1,0.845
T00808,M0029,OP0014,ST010,Road Preparation,COMPLETED,2025-05-26 12:14:00,2025-05-26 17:59:30,5621.8,m2,345.5,374.4,0.923
T00809,M0038,OP0024,ST004,Material Stockpiling,CANCELLED,2025-01-12 11:55:00,2025-01-12 17:41:54,1959.2,tons,346.9,,
T00810,M0017,OP0023,ST015,Road Preparation,DELAYED,2025-05-20 10:41:00,2025-05-20 19:40:06,5894.9,m2,539.1,573.4,
T00811,M0018,OP0010,ST014,Earth Excavation,CANCELLED,2025-09-07 09:33:00,2025-09-07 10:26:42,185.0,m3,53.7,,
T00812,M0025,OP0045,ST011,Material Loading,COMPLETED,2025-07-12 14:27:00,2025-07-13 01:01:36,2138.7,tons,634.6,804.9,0.788
T00813,M0029,OP0037,ST010,Material Stockpiling,COMPLETED,2025-08-22 14:28:00,2025-08-22 16:39:36,612.5,tons,131.6,159.4,0.826
T00814,M0024,OP0044,ST004,Material Stockpiling,COMPLETED,2025-08-04 08:48:00,2025-08-04 14:55:48,1611.5,tons,367.8,1135.4,0.324
T00815,M0009,OP0018,ST004,Material Loading,COMPLETED,2025-09-05 14:09:00,2025-09-05 15:39:48,387.4,tons,90.8,121.2,0.749
T00816,M0010,OP0033,ST012,Hauling,COMPLETED,2025-05-20 13:34:00,2025-05-21 00:28:36,2181.3,tons,654.6,1311.0,0.499
T00817,M0007,OP0023,ST012,Soil Compaction,COMPLETED,2025-07-17 11:22:00,2025-07-17 15:37:30,5458.2,m2,255.5,286.5,0.892
T00818,M0008,OP0043,ST008,Trenching,COMPLETED,2025-09-02 08:54:00,2025-09-02 10:55:36,250.0,m,121.6,187.7,0.648
T00819,M0033,OP0045,ST001,Grading,SCHEDULED,2025-08-21 08:21:00,2025-08-21 12:08:54,3791.7,m2,227.9,,
T00820,M0013,OP0047,ST007,Trenching,IN_PROGRESS,2025-03-01 15:47:00,2025-03-01 19:34:24,440.9,m,227.4,93.6,
T00821,M0036,OP0054,ST006,Demolition,COMPLETED,2025-08-17 07:55:00,2025-08-17 11:41:54,556.0,m3,226.9,218.4,1.039
T00822,M0037,OP0029,ST005,Road Preparation,SCHEDULED,2025-02-06 09:55:00,2025-02-06 13:36:00,2298.5,m2,221.0,,
T00823,M0037,OP0025,ST005,Soil Compaction,COMPLETED,2025-02-22 07:41:00,2025-02-22 09:58:12,3745.3,m2,137.2,211.8,0.648
T00824,M0031,OP0050,ST002,Material Loading,DELAYED,2025-01-14 07:14:00,2025-01-14 09:49:30,763.9,tons,155.5,263.3,
T00825,M0015,OP0008,ST001,Trenching,IN_PROGRESS,2025-09-16 09:14:00,2025-09-16 11:16:48,161.6,m,122.8,55.8,
T00826,M0026,OP0043,ST015,Road Preparation,COMPLETED,2025-01-18 11:18:00,2025-01-18 11:48:42,498.0,m2,30.7,31.9,0.962
T00827,M0028,OP0048,ST012,Material Loading,IN_PROGRESS,2025-08-08 06:11:00,2025-08-08 14:04:18,2013.2,tons,473.3,200.7,
T00828,M0025,OP0010,ST011,Grading,COMPLETED,2025-04-20 12:35:00,2025-04-20 21:47:00,5756.5,m2,552.0,749.5,0.736
T00829,M0042,OP0034,ST011,Road Preparation,COMPLETED,2025-01-09 12:03:00,2025-01-09 19:01:30,5726.5,m2,418.5,485.8,0.861
T00830,M0034,OP0013,ST014,Material Loading,IN_PROGRESS,2025-05-03 09:15:00,2025-05-03 19:22:18,2456.8,tons,607.3,388.3,
T00831,M0008,OP0046,ST008,Soil Compaction,COMPLETED,2025-03-04 15:39:00,2025-03-04 16:15:18,482.0,m2,36.3,61.3,0.592
T00832,M0038,OP0004,ST004,Demolition,CANCELLED,2025-06-08 12:04:00,2025-06-08 18:48:24,1142.8,m3,404.4,,
T00833,M0001,OP0015,ST007,Material Loading,SCHEDULED,2025-07-23 14:45:00,2025-07-24 00:08:30,1763.9,tons,563.5,,
T00834,M0033,OP0008,ST001,Road Preparation,DELAYED,2025-07-03 06:46:00,2025-07-03 09:08:00,1511.0,m2,142.0,305.1,
T00835,M0039,OP0015,ST003,Material Loading,DELAYED,2025-05-24 14:07:00,2025-05-24 20:44:36,1229.6,tons,397.6,367.8,
T00836,M0022,OP0004,ST002,Grading,COMPLETED,2025-01-21 12:31:00,2025-01-21 16:04:36,2602.5,m2,213.6,199.3,1.072
T00837,M0015,OP0052,ST001,Demolition,IN_PROGRESS,2025-05-20 12:14:00,2025-05-20 13:25:36,143.8,m3,71.6,52.8,
T00838,M0041,OP0004,ST008,Material Stockpiling,COMPLETED,2025-05-05 09:24:00,2025-05-05 16:27:06,1099.8,tons,423.1,712.1,0.594
T00839,M0011,OP0042,ST003,Demolition,SCHEDULED,2025-02-18 12:55:00,2025-02-18 16:32:00,292.9,m3,217.0,,
T00840,M0009,OP0028,ST004,Demolition,CANCELLED,2025-07-07 15:12:00,2025-07-07 19:46:06,698.2,m3,274.1,,
T00841,M0031,OP0025,ST002,Road Preparation,IN_PROGRESS,2025-01-18 10:03:00,2025-01-18 17:12:12,3209.1,m2,429.2,209.4,
T00842,M0008,OP0016,ST008,Trenching,COMPLETED,2025-08-04 14:16:00,2025-08-04 21:45:18,597.5,m,449.3,555.3,0.809
T00843,M0011,OP0053,ST003,Demolition,DELAYED,2025-08-21 12:21:00,2025-08-21 16:32:30,380.0,m3,251.5,395.9,
T00844,M0025,OP0019,ST011,Soil Compaction,COMPLETED,2025-08-27 11:41:00,2025-08-27 18:51:54,4506.2,m2,430.9,501.9,0.859
T00845,M0002,OP0021,ST007,Material Stockpiling,COMPLETED,2025-08-15 12:57:00,2025-08-15 16:14:42,948.3,tons,197.7,316.9,0.624
T00846,M0040,OP0055,ST002,Material Stockpiling,COMPLETED,2025-06-19 07:52:00,2025-06-19 12:10:12,1180.1,tons,258.2,454.4,0.568
T00847,M0016,OP0008,ST006,Road Preparation,COMPLETED,2025-03-18 11:21:00,2025-03-18 14:45:18,2166.2,m2,204.3,238.2,0.858
T00848,M0013,OP0009,ST007,Material Loading,SCHEDULED,2025-02-03 08:33:00,2025-02-03 17:53:06,985.4,tons,560.1,,
T00849,M0042,OP0023,ST011,Grading,CANCELLED,2025-08-22 13:31:00,2025-08-22 20:20:06,3061.4,m2,409.1,,
T00850,M0020,OP0019,ST015,Trenching,SCHEDULED,2025-05-21 13:22:00,2025-05-21 20:03:30,523.6,m,401.5,,
